study_hours,sleep_hours,phone_usage_hours,stress_level,mood,burnout_risk,productivity_score
5.243561663863074,4.61705683735906,5.719958782835928,1,0,High,36.40020608582036
13.310000289738827,4.469787990719999,8.054323292999863,1,2,High,0.0
10.247915185359671,11.062545805210366,7.60160929790159,3,2,Medium,15.75237758369369
8.381218778758512,4.4954619984950615,1.5389990469377368,5,2,High,48.09390610620744
2.1842609661941115,4.71949726128631,1.492494697414739,5,0,High,50.0
2.183923284706837,9.593982624179636,2.6817436774491332,3,2,Low,70.0
0.8131705703547925,6.4973984245054,3.610747263410372,4,1,Low,36.94626368294814
12.126466040849092,9.767105569551813,4.084555814084826,1,0,Medium,3.94489072533041
8.415610164404923,2.653661575643852,6.796972168333452,1,2,High,28.937088336308122
9.913016089144637,6.875711936733843,0.566804321658354,3,1,Low,30.434919554276814
0.28818292014123426,2.336136001832826,0.34672704226066386,3,1,Medium,40.0
13.57873793026792,2.626532034553545,3.9191056294390902,4,0,High,0.0
11.654196971205904,11.06437453344411,6.971636921379805,5,1,High,1.8708305370714555
2.972747549495866,3.3924537111759516,1.9343534295648257,2,2,Medium,70.0
2.5455495408994087,7.324206822752171,6.415044812562517,5,1,Medium,72.92477593718742
2.5676631379480734,6.110956026007066,2.5982813794029944,1,1,Low,60.0
4.259391401433528,5.4734332625884266,8.860861088135163,3,0,High,20.695694559324185
7.3465900428513295,10.998333456872725,8.956899442666165,4,1,Medium,30.215502786669177
6.047230260989621,2.218233967754895,2.9728720428132647,5,1,High,60.0
4.077207962772587,8.637896861755891,2.2999375396324053,4,1,Low,90.0
8.565940526113312,11.633944342135504,4.113039720662313,5,1,Medium,31.605098766121877
1.9529140491285857,7.60168183461842,2.405315851801487,1,0,Low,60.0
4.090025079493055,11.368224620330919,6.723838432917036,2,2,Low,51.38080783541482
5.129065806111684,2.5225787928602377,8.260646845482855,4,1,High,33.69676577258573
6.384979779038503,6.187933190741614,6.73092130911217,4,1,Medium,41.34539345443915
10.99246345950219,4.601577909620511,8.243504472493495,2,1,High,0.0
2.7954329502170365,9.308209649807297,3.9699216220747413,4,1,Low,55.15039188962629
7.199282137790562,11.812970904972467,1.5631697070886086,4,2,Low,70.0
8.293803964068594,4.565300624442478,7.379509473975921,5,2,High,26.63343280977742
0.6503057780799681,8.541746014740745,3.604745051415539,5,1,Low,66.9762747429223
8.505627926620138,3.9809763275974013,6.712708252291325,2,2,High,28.90831910544269
2.3873377316220816,7.653302545716099,2.7064394198176567,1,1,Low,90.0
0.9107223017939132,6.639324866883362,0.8122963480667267,4,0,Medium,30.0
13.284397521546666,11.72005329631537,9.925817954877633,1,1,Medium,0.0
13.518848463043831,8.085272726964666,1.5620150793059928,2,1,Low,42.405757684780845
11.317562873630456,5.495063720868188,9.884209939634811,2,1,High,0.0
4.26459276842719,3.1409578488793337,9.772799325664472,5,2,High,36.13600337167764
1.3674095960893742,3.5124682873493454,7.938181039080396,4,1,High,15.309094804598018
9.579262371170197,4.253169299512351,6.594229620819975,3,2,High,24.132540040049143
6.162134912354418,4.50966661340298,5.778070502510847,2,2,Medium,56.10964748744577
1.7085352878269036,10.506160578411379,8.661015453778347,4,1,Medium,11.694922731108264
6.932476741557783,7.612227882825249,2.894395216194879,1,1,Low,90.0
0.48143929561305754,7.233909113743664,4.67681212484877,5,1,Low,61.61593937575615
12.73048562910295,3.1476887186921747,6.193899693665019,1,2,High,10.378073386160159
3.622919742400237,10.60139693349435,4.1119047586949105,2,1,Low,54.440476206525446
9.275311980955747,9.228143032084837,4.27486454090268,2,0,Medium,17.249117390707863
4.363955065251753,2.676683619000016,3.3028466750208443,1,1,Medium,58.48576662489578
7.280952296489351,9.078350972297686,5.64231816684536,2,1,Low,46.7884091657732
7.653943910805915,7.4353821734264605,8.50574528015116,4,0,High,52.4712735992442
2.5879623773573783,2.8172534574677828,2.0152837800631285,2,0,High,50.0
13.57418478870382,6.583006415286564,9.344330387534415,5,1,High,0.0
10.851859527055604,6.8469628713004695,6.8908765374822964,4,1,High,6.286319677310502
13.152985181898648,3.6577454016327575,8.232732126800302,3,1,High,0.0
12.527582905987083,11.456981470002823,5.561906926300116,2,1,Low,4.552550838564004
8.370599703355191,10.49975371480662,7.795167014240635,2,0,High,4.171166412020874
12.906239290323636,8.690223373291083,0.1620039733946721,5,1,Medium,45.468803548381814
1.238895028726873,6.622955610006072,8.183804247795353,5,1,Medium,14.080978761023239
2.7437600738680326,6.1176554158450855,0.4013885908536652,1,1,Low,60.0
0.6331820447475329,8.509734671509541,8.899133763628624,1,1,Low,40.50433118185688
4.554624630685701,7.4543186940690545,9.919627472386432,1,1,Low,55.40186263806784
5.441482055652748,2.6227310588188564,2.940674621767778,5,0,High,50.0
3.798886444834543,7.125026487703317,2.1031855628579366,1,0,Low,80.0
11.60232512812701,10.064036172328395,7.653633638580407,1,0,High,0.0
4.99454657371025,6.59239877596958,2.530263409202532,3,2,Low,70.0
3.9330831356233307,2.5195657755426843,8.655623831722036,1,2,Medium,41.72188084138982
7.597745164215478,9.862781993840331,1.028425921574767,2,2,Low,70.0
1.972939149646677,4.013637821359744,1.2595519637935826,5,2,High,50.0
11.230757730556554,4.586208348880388,9.791515551006157,4,1,High,0.0
1.0437090115167915,3.647063534322959,6.738388982700046,3,1,Medium,21.30805508649977
13.816417112407242,5.302150648714975,8.468872244289528,5,1,High,0.0
10.811426770153204,9.56751505688635,3.2432937735151803,5,0,High,14.726397281658077
2.7820195414784137,7.193858595039373,6.764837495206044,2,1,Low,71.17581252396978
0.07730963973043359,4.048812741507126,5.942418273085972,1,2,Medium,35.287908634570144
11.416459998367678,10.778300781520409,6.03150120122947,2,1,Medium,7.760194002014259
9.89600281386664,10.795818549515293,6.825324595377216,1,1,Medium,11.393362953780724
10.206100352573822,10.70578425046007,5.753591731290985,1,1,Low,15.201539580675966
10.79778485360324,4.387962113815393,4.290623693026659,5,1,High,19.557957266850504
1.036625124277265,6.512393441809881,2.7592269438054684,1,1,Low,40.0
5.018520199619816,11.849896561408752,7.68581330913202,3,2,Low,46.5709334543399
1.622166833351816,9.720124763099903,2.262724300031862,3,1,Low,40.0
12.08344796225831,2.271674212255598,6.923543061544142,3,2,High,9.96504488098774
8.72617377558581,2.6520459126049207,2.3333282264932667,5,1,High,36.369131122070954
4.632572347937089,6.639313768123328,6.253301699544539,2,2,Low,53.7334915022773
0.8898169040043309,11.092202058615602,7.470782671290289,4,1,Medium,17.646086643548557
4.353752504019271,7.387017979527142,2.187138889065392,1,1,Low,90.0
4.552566508374459,6.9781250803429025,0.5994330086130828,4,1,Low,60.0
10.214486496732897,3.054736999566306,1.3097374299417408,2,2,High,38.927567516335515
8.925804598972984,8.567801047242941,6.059969672710254,2,2,Medium,60.071128641583805
12.420978396068572,10.221031606002255,8.494464062257356,5,0,High,0.0
6.61100895226729,5.804200075075624,0.44996821235424367,3,0,High,50.0
1.6743194431362238,9.756118509253275,7.341512590416462,3,2,Low,28.292437047917687
9.98542702112193,11.644766539008117,3.4131864595005212,2,1,Low,28.006932596887744
10.650990680636564,4.037664591276891,4.785283699195225,5,1,High,17.818628100841053
7.857880765972947,7.233296311947413,9.288595498455656,5,1,Medium,58.55702250772172
10.793540519363853,4.871379580845756,3.3197150473584545,1,0,High,14.433722166388463
6.91313834910147,9.928544190338393,4.65336933939486,3,2,Low,61.7331533030257
7.318259611347917,7.775933658811575,0.13682414760681105,2,2,Low,100.0
5.985574257019695,8.345824175503038,0.8159872000483837,4,1,Low,90.0
0.35586777441733264,9.979141596158941,2.5859159113478403,3,1,Low,40.0
1.5104799779062623,5.959704726624549,0.27852240821074403,1,2,Medium,50.0
0.4400085996142795,11.150900684070432,6.3137532604825095,5,0,High,13.431233697587452
8.909745757692926,7.3302886724614,4.263983568016226,2,2,Low,69.13135337145424
4.400983735068573,3.57954822835348,5.48145202728022,3,1,Medium,47.5927398635989
7.119989676305838,8.958991181688024,1.7464718589632955,4,1,Low,90.0
12.705930634965302,9.932613504382545,2.959320294366161,1,2,Low,26.47034682517349
3.490091208084249,5.1676167706752665,6.638244748527251,1,1,Medium,41.808776257363746
5.745360922498817,10.57179256998753,9.653027236303998,3,1,Low,26.734863818480008
10.577715939602681,11.061432547657663,0.504167736022092,4,1,Medium,27.11142030198659
3.2031743168827145,4.769044873778089,8.903843208552662,1,1,Medium,30.480783957236692
1.0777187376031019,11.83521472715222,5.768812013112084,2,1,Low,26.15593993443958
4.056520340792752,3.4071152804875844,5.639195667556237,1,2,Medium,56.804021662218815
2.257098021556062,4.0201566840249,5.002785352077604,4,2,High,59.98607323961198
13.015767132796023,3.8422483923802613,0.6939408590418339,5,1,High,14.921164336019885
11.313685313901837,10.939897100078705,0.8987685173616067,5,1,Medium,23.431573430490815
8.867652591145928,8.542925523249618,6.009120056590861,3,0,High,40.61613676131605
12.200448262628047,3.5210428322227285,3.409585714355583,4,0,High,6.9498301150818484
11.251409076587603,6.40323418368349,9.172680665776806,1,1,Medium,0.0
2.611980824404502,8.15298025069802,4.065905373594722,1,2,Low,94.67047313202639
12.495825978859688,2.834640849893833,1.4328145870264108,5,1,High,17.520870105701558
7.55079138681911,10.824163684073387,7.14718833502036,5,2,Medium,49.2640583248982
11.304162172296875,10.036035354415352,2.9335342144100984,2,0,Medium,13.479189138515622
12.545278198928905,7.052067735766382,5.2547030735589315,5,1,Medium,36.000093637560816
4.452048649606095,11.671266152591704,6.978327855051701,2,1,Low,40.108360724741495
1.5407269433874746,6.177609792750997,9.002641112020704,1,1,Low,9.986794439896478
3.1910922755871836,11.841103190364977,7.921911948016761,2,0,Medium,25.390440259916197
5.979509040767589,8.67919998803627,6.763610678727241,2,2,Low,81.1819466063638
11.452206722914903,8.346712732539414,6.796331823951435,3,1,Medium,33.75730726566831
12.050228165588809,3.65954895295785,9.459246440320864,5,2,High,0.0
0.09732982743666985,10.81927758304644,2.9582409749653604,2,1,Low,40.0
7.15046223608592,6.2748968792061515,0.011120941961874076,1,2,Low,70.0
5.843754044082906,3.6223340578247933,2.719545593981987,4,1,High,60.0
3.1095093465902233,2.12607519975759,2.17891379626744,2,2,Medium,70.0
1.6781151426715593,7.597556836383825,6.618345851139981,5,0,High,41.9082707443001
4.726612399650792,7.2739962212267635,6.337115997655291,3,2,Low,83.31442001172354
13.200735854775267,9.193536223691586,5.934613827047238,1,2,Low,9.323251590887471
4.524841048290574,10.902580530178021,0.162434432094537,3,0,Low,50.0
7.263068704407125,2.7940658464302954,7.287780544506475,4,0,High,28.561097277467624
9.84226542453249,9.314964903403624,3.235304124854915,2,1,Low,29.612152253062973
5.090814433310116,3.8741194409758224,6.650559890066311,2,2,Medium,51.74720054966845
13.604949158093449,10.581770531571639,5.565784285021533,5,1,Medium,0.0
13.474262129189558,10.19063513861656,3.4273092542790717,2,1,Low,10.49214308265685
3.524952141555098,7.407937549855443,1.3457626710410775,1,0,Low,80.0
6.961479082493396,9.102427986233115,0.9441889766048095,4,0,Medium,50.0
4.2122963374347755,5.143501131837484,8.315183331122235,3,2,Medium,43.424083344388826
3.9877669212845466,6.7116789893281465,9.18397542081558,4,0,High,19.080122895922102
0.5164172629634591,10.216368977104716,6.497880467642996,2,1,Low,22.51059766178502
8.533900675718556,6.592651971732139,1.0343411486048337,3,2,Low,47.33049662140722
7.037506325204061,5.577982653254418,4.020272168882407,5,1,High,54.898639155587965
0.7207025174998509,6.942124472502999,7.2893920010515725,4,1,Medium,18.553039994742136
3.90105049931256,10.282492524372184,7.798208840100681,3,0,Medium,26.00895579949659
12.715722403533151,5.352080473708727,1.182186222910886,3,1,High,16.421387982334245
3.353866469337614,3.737615931357438,0.0003071884538241587,3,0,High,50.0
2.0285282092771233,9.120140203307807,7.12137045880605,1,2,Low,49.39314770596975
6.852338643885882,10.259782127080818,3.5659617598620565,4,1,Low,57.170191200689715
13.79910635754841,3.0063747852353333,2.5448133161826023,3,1,High,11.004468212257947
3.3887738011610056,4.398741127559447,0.1289746978952544,4,1,High,60.0
9.4098976636823,3.419719897609939,5.402994067614997,3,0,High,10.935541343513517
10.662674614602047,5.479414115821666,8.511507354259818,5,2,High,9.129090155690676
3.3269256158935954,6.503509789054126,9.57631646272588,5,1,Medium,27.118417686370606
10.195028880566035,9.488263369633065,5.657449506132892,5,1,Medium,15.737608066505366
5.148963858069545,8.51147584881674,5.144613277398942,2,0,Low,69.2769336130053
8.852281628310113,8.209285674784311,0.850563854892411,3,1,Low,65.73859185844944
8.869415950652526,5.523749466096544,5.488728015425997,2,0,High,13.209280169607386
7.5008455770466185,10.4144755308476,3.7997907896539465,4,1,Low,56.00104605173027
1.2640567807617162,6.712871673981645,6.071352808835769,2,1,Low,24.643235955821154
11.694234938249332,11.791049380151545,3.887263478765467,4,2,Medium,27.092507914926003
4.490920909604302,8.341421382957368,2.4029912345036673,4,1,Low,90.0
2.611259145597959,3.262647415645027,0.949652752283765,4,2,High,70.0
0.5708519817666948,8.76177562075434,3.1491844458889573,2,2,Low,79.25407777055521
8.272501204635386,5.25104015431699,0.9664483428775228,3,0,High,28.637493976823066
9.485901065791953,8.863271966860975,1.7689695082398393,2,1,Low,62.57049467104024
0.23222960498998613,2.6964114816240574,9.87336158579546,3,0,High,0.0
7.1693028161899335,3.748814371759594,4.4410355690661865,3,1,Medium,52.79482215466907
3.1709408527711314,10.557372589057863,5.3187176650501655,4,2,Low,58.40641167474917
9.032419065732299,4.271795570235149,8.736185287372153,2,1,High,6.156978234477741
2.44113000606988,10.3704112524294,9.955689004906878,3,1,Low,25.221554975465608
9.673128333434523,4.792760884544104,5.8271444934468155,5,1,High,17.498635865593307
5.414294848207524,8.428819100587077,8.124738210441716,3,1,Low,64.37630894779141
13.114219842314283,8.94150573509831,3.2694102433667527,5,0,High,33.08184957159482
1.9252932180439055,7.126547531450529,3.057439574472911,2,2,Low,79.71280212763544
4.774928914703619,5.053106766967312,4.027037209945602,2,1,Medium,54.86481395027199
1.588629297368247,4.126443763710961,6.725072626736491,2,2,Medium,31.374636866317545
12.945710655899878,2.331893545624262,6.821916892550988,3,1,High,0.0
12.282750947333735,5.0394640124072385,3.152394346494508,1,1,High,17.824273530858786
3.6111827880121785,8.53162790531283,1.3320992413662869,3,1,Low,90.0
9.239776644478507,11.383048184484826,6.323962564655085,3,0,High,7.181303954332037
11.441110802817022,10.71204482263052,1.2832586218876452,4,1,Medium,22.79444598591489
7.772811362392472,9.660647765353026,5.7849250822933005,4,2,Low,56.0753745885335
7.415108096984091,9.884473432532987,6.93422128056309,3,2,Low,50.328893597184546
3.3859320726063236,8.649849034759953,7.006114963944516,5,1,Medium,69.96942518027743
1.303438749282589,4.60286857566003,7.534721106595967,4,1,High,17.326394467020165
12.561020611346574,11.071950307058298,8.728594215656646,3,0,High,0.0
12.605852800286627,8.70732311905834,4.999589919647884,1,2,Low,46.97278640032744
8.863420401825751,7.6044063098044,7.302491895295712,5,0,High,34.17043851439268
4.746417074681809,3.1098946921348105,6.191727353658367,2,2,Medium,54.04136323170817
4.888934044577253,6.470555438064254,1.8663993979768256,3,1,Low,60.0
10.163379504183352,6.6035827120192625,0.2568964486940817,3,1,Low,29.18310247908324
12.559543639336079,10.645636095226699,2.845413856769338,5,2,Medium,27.202281803319607
12.419209939711642,7.466482201877884,4.430337063376194,4,0,High,30.752264984560817
10.918257642006735,5.804005489704096,6.171059444286563,4,1,High,9.553414568533512
8.988443046160029,11.768003285106593,8.499593305032054,4,1,High,7.559818244039587
1.1779595099306837,3.107205933263157,1.9624571670616564,2,1,Medium,40.0
2.2628019973245928,6.225484283119446,1.255497898984771,5,1,Low,60.0
12.57975863937911,2.420246751714053,9.634799474743275,5,1,High,0.0
8.49000683523426,9.399041207669303,1.0804455937640711,4,2,Medium,47.5499658238287
0.12875872263281507,11.180765521991507,4.784910701071892,4,0,Medium,21.075446494640538
1.4206016001244495,4.800373295504894,5.8556372879330185,1,2,Medium,35.72181356033491
9.289024767512782,10.583416767991208,5.413744209074382,1,0,Medium,11.486155117064179
0.07086217384706162,4.922182304618977,0.860321570329432,3,1,Medium,40.0
2.2513127198449814,11.107701616439153,0.5702691400361937,3,1,Low,60.0
7.6822730511322055,9.539619035967839,1.0548342746103567,5,0,Medium,50.0
9.686532767697706,10.049067768414385,5.855876838726125,5,0,High,7.2879519678808435
9.127457633036407,2.180065556004545,5.443448876343211,2,2,High,32.14546745310191
3.1397703324478368,11.62810357074026,2.3374079203674425,2,1,Low,60.0
9.970509098865502,9.266709920703233,6.377741418455916,1,0,High,3.2587474133929106
3.321487224955201,5.047510953861333,8.200675020556494,3,0,High,23.99662489721753
4.555595774229748,10.29394664858847,0.41578959846593766,1,2,Low,70.0
10.450879671652338,4.8152119841492995,4.981299435480424,1,2,High,27.83910446433619
9.094860586661005,10.727538395661279,6.893104121026903,3,1,Medium,15.06017646156046
11.889127746918492,3.12580390411937,2.5231192706968706,2,0,High,10.554361265407543
9.206580492204807,9.036859774607958,3.0777090529314908,3,1,Low,33.57855227431851
7.956320446696603,7.406984766449103,6.136379029893838,4,0,High,64.3181048505308
1.3114467495932947,2.9653447019544084,8.979352934437369,4,0,High,0.10323532781315592
5.148021242832069,4.41893828258839,8.099244203028993,4,1,High,34.50377898485503
3.7128331475441563,2.124040362773148,5.831302190995835,5,1,High,45.843489045020824
3.41585500730717,6.687679654645058,7.3022171775724924,2,1,Low,38.488914112137536
13.622147766534239,5.012652607600003,3.6482247020779868,2,1,High,8.648137656938871
5.503368145334646,7.983574842977588,6.409655280987577,5,2,Medium,82.9517235950621
12.488651772479585,4.972378077086172,4.6618159112755695,1,2,High,19.24766158122423
8.83594076396168,4.999191115069847,1.8993613645756091,4,1,High,35.8202961801916
11.127358249583079,9.431931987316034,7.017382738772572,4,1,High,4.2762950582217485
7.03691930347269,2.4814283597835347,5.56464637348822,1,1,Medium,47.176768132558905
8.076654384769027,11.028949951919872,3.586215819535914,3,1,Low,36.68564897847529
6.895247713464094,10.522638743911815,9.113391900786308,3,2,Low,39.43304049606846
2.7334018291726228,8.678046832264066,0.20934117826733267,2,1,Low,90.0
10.114329613661074,7.932215701073843,3.1577315124949603,5,2,Medium,68.63969436921982
3.930813074171981,10.923024981396523,0.5688139777764656,2,2,Low,70.0
0.34042353004035375,3.8533017952871447,7.6652731622162715,3,1,Medium,16.67363418891864
9.03661214270035,2.789691621908286,7.021074541137926,1,1,High,14.711566580808622
2.479549511698685,4.395101699095381,3.31352218736317,2,0,High,48.43238906318415
13.1664201809408,9.945782787001903,6.75662902207073,4,1,High,0.0
13.355000078036223,2.3467026672648332,3.9593722619594987,4,1,High,8.428138300021391
12.80810146308628,7.828068350834896,7.562537914224343,1,1,Medium,23.146803113446886
5.182221803576222,11.954375161913099,4.5418366273670605,3,2,Low,62.2908168631647
0.216392631404144,10.556960938375394,4.122797278316655,4,0,Medium,24.386013608416725
12.996459876228155,7.214456890435894,9.347299154883009,4,1,High,13.281204844444176
5.994578076442401,2.6364090928664234,2.5087909989070023,5,1,High,60.0
13.533167466611374,10.313735143857098,1.2044733999656543,2,1,Low,12.33416266694313
13.49067967924954,7.989785081772105,5.845431132594582,3,1,Low,28.31944594077939
11.942132376543041,3.1493299705956685,9.693218122841788,2,2,High,0.0
4.122284488974199,2.9385728482335622,3.7783921372718665,3,1,Medium,56.10803931364067
5.391368200426953,11.096268194365924,0.6203676362878152,4,1,Low,60.0
11.915913401235997,8.692002629380784,3.3930526730956743,5,0,High,38.45516962834164
4.4369080721878875,10.292867993167555,5.059316543195584,2,1,Low,49.70341728402208
2.372898453605295,10.789789002822673,1.619230066322137,4,2,Low,70.0
7.795217674416902,7.717723520483222,6.58102218056492,3,1,Low,72.0948890971754
13.106166838250934,7.174463517550413,9.977493890102005,2,2,Medium,19.581696358235305
9.744417153449621,6.304274103209902,4.517394759814438,2,1,Low,23.6909404336797
7.98085638125111,5.169465877911193,3.5472855673021266,4,0,High,47.263572163489364
1.3604709127907595,6.345959608587117,4.007041668344666,2,0,Low,24.964791658276667
8.610101173788376,9.738796557301564,1.1514617839520114,5,1,Medium,36.94949413105812
13.860753901459686,8.019234310151315,8.832736014262238,5,1,High,11.532550421390376
1.9611762133113364,10.925232899548462,4.1482565552135195,4,2,Low,44.2587172239324
7.256615133092314,6.433800143791878,3.8727441142484134,3,1,Low,55.63627942875793
12.283223006991376,8.07089578718754,6.596902729304743,4,1,High,30.599371318519403
10.370760648558862,8.313075530919887,4.420334209311235,5,1,Medium,51.04452571064951
9.758220373933751,7.916971623063255,6.482334688078461,1,1,Medium,43.79722468993894
9.83477717581953,9.026337730855163,0.6144629013078751,1,1,Low,30.826114120902346
5.032876117076572,4.374334683748063,8.137233437222275,2,0,High,24.313832813888624
4.1102858197029075,7.123637775457906,9.405039528794026,2,0,Medium,47.97480235602987
11.33105617669919,3.0422480280834767,6.487653861593859,1,0,High,0.0
11.34158752550853,5.845113276448125,9.545659288588107,5,0,High,0.0
12.139012460121451,6.876670686212644,1.514323143699633,2,0,Medium,9.304937699392745
12.785367735790597,8.522242595454724,4.774161894803537,4,1,Medium,37.20235184702932
7.158793584053129,11.505310525862035,6.018067339454473,4,1,Medium,44.90966330272764
7.0212281256207945,8.006510665483558,5.817366474211867,5,2,Low,85.91316762894067
11.176132505534852,9.435939161765598,4.014617790890433,2,0,Medium,9.046248517873575
9.099495030888711,7.062660594952027,3.380844093662614,4,1,Medium,62.59830437724338
9.827536281607847,8.341040313763314,1.268240225504188,2,1,Low,60.862318591960765
11.141097372105415,2.7093221613377345,3.917424505622782,2,0,High,9.707390611359017
12.460074785445928,4.54391580841847,1.6266081510548513,4,2,High,27.699626072770364
4.731932195921502,5.618530932051387,7.3436567649221836,1,0,High,28.28171617538908
5.258161336959216,6.724933550065136,2.0883093549459,4,2,Low,70.0
1.315747157772166,2.4564874550238374,0.5856530528453385,5,2,High,50.0
8.095921973946435,3.400240975533177,5.523661378172343,3,1,High,26.902083239406114
0.5031918331543892,4.768143077913058,5.952297327194016,4,1,High,25.23851336402992
6.518372253854443,11.715326909010507,8.719130612805055,2,1,Low,31.40434693597473
7.597024885906073,5.313470071030507,5.769816124176819,2,1,Medium,46.150919379115905
4.011577529795982,6.820410581120825,3.4548085372344572,4,1,Low,57.72595731382771
8.27166564796615,3.9609771273839294,8.030118815263204,3,0,High,3.4910776838532236
0.427003499146692,8.107800710757683,5.402788931874211,4,0,Medium,47.986055340628944
0.5228746424890018,4.806832155159743,0.7928028463119174,3,1,Medium,40.0
11.516407849235215,4.069925784384267,5.6585056031324665,3,1,High,9.125432738161594
5.04266897975768,7.16572628445979,9.080185454216624,5,2,Medium,69.59907272891688
1.778847177126387,2.055057991604208,3.9631262549822055,2,0,High,25.184368725088973
7.311405640767261,2.076640326492253,2.9632580189980007,2,2,Medium,70.0
10.779909743380552,4.190688091018577,1.4346945701802005,3,1,High,26.100451283097243
3.0214943849558047,2.3672136250082114,1.5144552193535732,2,1,Medium,60.0
8.720466661466004,3.0802575413069135,4.327714843418189,1,1,High,29.759092475579035
1.194864509912752,5.388606493387516,5.956798241615296,3,1,Medium,25.21600879192352
0.7235440963605078,10.025856795798129,0.8061540516960175,2,0,Low,30.0
7.438964841954072,7.720486433693008,9.395685890251658,1,1,Low,58.021570548741714
7.5688917025414915,7.126677259564164,7.55133617445196,5,2,Medium,77.2433191277402
8.924018620974891,4.934888232081216,5.866239182836627,2,1,High,21.04871098094241
10.165278672117262,11.317537194328164,8.284386709389908,1,1,Medium,2.751673092464152
13.661929112475484,5.9701504123719165,0.8018675681211329,4,2,High,21.69035443762258
7.228204876216735,2.870927667957715,4.768388777331244,4,2,High,61.15805611334378
4.521390621177444,8.170665161178013,6.300931268616634,1,1,Low,73.49534365691683
11.132606726761852,3.138383934766014,8.286529061182893,3,1,High,0.0
3.791651517669039,5.452231428016921,7.834695600492677,3,2,Medium,45.82652199753662
6.1455998898789055,7.074119387178088,2.7706924971339966,2,1,Low,90.0
1.0983893387917234,10.742225246851758,9.408801695592043,4,1,Medium,7.955991522039781
0.35491040781640515,6.935465803401186,1.2434584143087035,3,1,Low,40.0
13.47707780549095,9.022587660316642,8.751336186211521,3,2,Medium,0.0
11.703721687170882,11.928168389990704,9.709402496046186,4,0,High,0.0
9.743638885311771,3.314891198979816,1.7715352322262556,5,2,High,41.28180557344115
5.725341221799779,4.747315255195195,7.220660642037853,3,0,High,28.896696789810733
2.426120480991841,5.945760755976464,0.40285518777998464,1,2,Medium,70.0
2.1901185973952044,6.218281785388314,4.0542282513915495,2,1,Low,54.72885874304225
3.503400574304335,6.110210752655457,5.162832991976741,3,1,Low,49.185835040116295
7.689173305885687,11.07611002556555,5.806452259096341,3,2,Low,55.9677387045183
10.004342917800873,9.140326444668565,9.359372482485595,5,1,High,0.0
9.242763274048238,8.079052140907038,6.722506872941947,1,1,Medium,45.17364926504907
3.9190745572431998,5.093727178627821,4.81277951219237,2,0,High,40.93610243903815
13.368113929284718,10.237903842212948,8.096750362658893,3,0,High,0.0
10.33055683374076,11.550605114849889,9.50532820954409,2,1,Medium,0.0
7.76095673515961,10.211982825502265,0.22066148682290843,4,1,Low,60.0
8.56409044728093,2.015651051914729,9.825212722560387,3,0,High,0.0
5.8744008739890585,8.36401370183407,0.8613213906368034,3,0,Low,80.0
3.4682338530162045,2.5113538144210072,8.143867792687614,4,1,High,34.28066103656193
4.983617501117662,4.576072203337219,2.803347525514125,5,1,High,60.0
10.609845546501168,2.595247003477717,1.3217965775387175,3,2,High,36.95077226749416
0.20150884081658216,8.037954529493877,4.398556397138349,2,0,Low,53.00721801430826
1.6250169670968273,8.865899134926067,6.4395657944761355,1,0,Medium,42.80217102761932
0.6440369883045385,3.144876380659051,3.80951845023475,2,2,Medium,45.952407748826246
0.5702032324655819,5.838388830449794,0.5456540828269896,5,1,High,40.0
11.9764481761541,6.562365089555421,5.994611396587166,1,2,Low,15.144702136293668
9.851210031320331,5.690530217609166,9.024032761106747,2,2,High,10.623786037864608
6.638433607222552,3.2102500048519307,3.832153659472517,2,2,Medium,65.83923170263742
1.3696782491140207,6.1894779018747546,2.1633277763082703,4,0,Medium,30.0
6.882622251635653,9.511780478084182,4.425773459328154,5,2,Low,62.87113270335923
6.62860479092792,2.7100766453325544,0.4836271104878087,4,2,High,70.0
2.4248261787402123,2.8018001408190347,8.204875844802748,1,1,Medium,33.97562077598626
6.073923089331623,5.547712918359842,8.263408109501867,4,1,High,33.682959452490664
5.579066281563228,11.417257116189251,5.880004634296284,5,1,Low,45.59997682851858
8.621901372731031,8.685726467229141,3.5310288893838946,3,0,Medium,54.235348689425365
8.891311112147013,8.786699566725648,7.997833644457834,3,1,Medium,40.554276216975765
0.6342561368086232,5.61919990837865,5.546870247883672,1,1,Medium,27.26564876058164
5.244576604770597,7.9366079120853845,8.259323085500162,3,1,Low,63.70338457249919
8.76203881999931,2.101311840277434,6.314587925830207,4,1,High,19.616866270852416
7.043907620121228,8.360960464095422,7.844054732127973,1,1,Low,65.77972633936014
11.990857776636512,11.132869475762368,5.985629932177599,5,1,Medium,5.117561455929447
9.22171084266523,8.125734683448192,4.141410682156662,1,2,Low,68.18439237589054
2.2810819791400156,10.736985934663451,9.579458599261375,1,0,Medium,17.102707003693126
0.9879624636060178,9.239730554660937,5.411138248788447,2,1,Low,27.944308756057765
8.99386989488842,3.2055841640369023,6.050895185405384,2,0,High,9.776174598530982
0.3711583475827054,11.024533072858418,2.2048763941474925,1,1,Low,40.0
8.200858137828487,2.664438443557749,6.256507894272765,3,2,High,32.71316983949374
13.163223379949406,7.3396747254776376,5.716076494829439,2,2,Low,40.60350062610578
8.056638490262305,3.4213712379345766,1.8483839794702495,5,1,High,39.71680754868848
5.434378966891307,2.1170661073090407,0.5958709735314371,4,2,High,70.0
9.006035058192944,6.22034260127639,6.043593197147711,2,0,High,9.751858723296724
6.415540466881232,4.950407076541563,7.636922693503205,1,1,Medium,36.81538653248397
7.638635050423089,6.86000493797603,5.234013709220083,3,0,Low,38.82993145389959
13.180507322871353,7.771998867345508,2.2677262531964573,4,2,Medium,54.09746338564324
5.40543692921084,2.4373907230894734,6.665219766930349,2,1,Medium,41.673901165348255
13.4566678935348,3.2300329512374564,0.8010572660960225,3,1,High,12.716660532326003
12.674908987384892,7.586423964504253,4.418337048019546,3,2,Low,49.5337698229778
2.74107588705015,5.431673531726583,1.6336675839842019,3,0,High,50.0
0.9710582122523164,9.29173487549448,1.8445905105988336,1,0,Low,30.0
1.4108920192839731,8.522916485919396,2.0229394915820365,5,2,Low,80.0
0.2551055591216962,10.456043629899067,3.867070570439779,3,1,Low,35.664647147801105
1.3222014505829975,8.924928266692254,0.5115020562039763,4,0,Medium,60.0
9.562094827828997,6.299310773901482,3.977934409290982,2,1,Low,27.299853814400105
0.9966410784432058,8.729666223944324,5.117074471147008,4,1,Low,59.41462764426496
4.4656588241126585,4.753811742554185,4.832942849663252,1,0,High,40.83528575168374
11.828254353572364,5.063134987782127,3.8278410040304056,1,1,High,16.719523211986157
0.3258071003015621,9.889851599207933,8.391466080707525,4,0,High,3.0426695964623747
11.402558756245101,6.4641951640158215,1.453266924205041,5,1,Medium,22.987206218774496
3.945966846827599,9.983803405183526,5.056967437813739,1,2,Low,59.715162810931304
1.6543075867031876,10.224223736682784,0.620414169565543,1,2,Low,50.0
9.75432031509811,10.575623376612837,0.7115567887790974,4,1,Medium,31.228398424509454
8.805199854918376,11.166352358412073,5.738658496770963,1,0,Medium,12.280708241553302
12.28460818937874,6.309852205132962,5.66018424887821,5,2,Medium,15.276037808715248
10.290994613254401,5.188668183211388,8.78033512844457,5,1,High,0.0
11.24873302538788,7.821987465941138,5.5787367566007315,5,0,High,30.862651090056943
3.948484015998291,5.711724234376276,9.597910204048501,2,2,Medium,37.01044897975749
2.4841536129161197,8.01074166800233,0.4869484839992977,5,2,Low,100.0
10.508606522972016,9.055858626438246,0.9800768478074107,5,2,Medium,37.45696738513992
11.295686349741697,8.884050184921369,0.4406586157038139,2,2,Low,63.52156825129151
13.867071988009426,5.7455288702012135,1.8527685033354002,3,1,High,10.664640059952866
5.776647476759971,3.668602016987528,5.412701109416781,1,1,Medium,47.936494452916094
5.208253201098964,6.305293384622075,6.4557218142742805,5,1,Medium,42.721390928628594
10.869781450387956,3.4259414408190874,0.455851579486688,1,1,High,25.651092748060222
4.77124956354225,10.900970351838083,9.459708898455993,4,1,Medium,27.701455507720034
13.030602558449907,5.458774607378574,8.42165376650381,1,2,High,0.0
12.017778525802164,3.544597472233238,2.966124821570931,2,2,High,29.91110737098918
6.005916383250257,2.254477599057509,0.7718753022646796,1,1,Medium,60.0
10.512194949080964,8.458223862864843,1.6988707321905727,1,2,Low,67.43902525459518
10.563600237185552,8.369023174547433,1.2694441375497267,1,2,Low,67.18199881407224
1.4437341637030565,5.406041665812917,1.2328377929894685,3,1,Medium,40.0
12.635740693513933,2.7171188884765103,5.185616886657339,3,1,High,5.893212099143643
7.07353321427,6.096288948952321,2.458474424934003,4,1,Low,60.0
11.570404525508383,5.112174950633936,3.5813971652914445,2,1,High,19.24099154600086
4.480694414428564,8.771206397350094,9.895053333843224,1,0,Medium,45.52473333078388
12.537325198946807,8.057792494526904,6.843142489253448,1,1,Medium,28.09766155899873
5.448823502278284,5.6459372819753995,9.489806670470013,1,1,Medium,27.55096664764993
0.15172712072417704,4.1789255425499015,1.425565550331156,1,1,Medium,40.0
12.67534766986969,11.880359661555918,3.8213947483256927,3,2,Low,22.516287909023085
1.2780134750058698,6.540016211961149,5.547318032823543,4,0,Medium,17.263409835882285
4.470390926265808,8.882742357802371,0.7675806188873802,5,2,Low,100.0
13.30086753871127,3.4055296757836078,0.04187443627957865,2,1,High,13.495662306443652
13.308500057125785,6.855896996593978,6.704343337969175,1,0,High,0.0
8.028130433726005,2.2753671986946546,6.418195168014353,4,2,High,32.76837199129821
8.84572097037719,7.054551179104499,4.107888099996117,5,1,Medium,60.23195464813347
6.278237307696477,11.640174071177023,4.896440760320326,4,1,Low,50.51779619839837
4.104950803772903,5.842067129858002,4.154430005920896,3,2,Medium,64.22784997039551
4.601303635178823,2.389960125749116,0.24005044844888856,5,1,High,60.0
9.415258385078538,2.309557909193435,3.353716062174624,4,1,High,31.155127763734193
10.53324341212752,5.879867599468695,1.7708225539728983,3,0,High,17.3337829393624
11.08210661216188,3.6002493646319405,0.9842418910136874,4,2,High,34.5894669391906
11.054653999123754,2.233520963281859,9.567204338893498,4,1,High,0.0
1.2768854426816652,9.562136139501769,5.993597250421656,5,1,Low,25.032013747891718
6.921884265836141,6.585230088818907,7.286562842366027,3,1,Low,38.567185788169866
0.80582264023302,4.892447719726546,3.153637432661175,1,1,Medium,39.231812836694125
7.693404352532298,11.000831830164808,3.931471294940152,2,2,Low,65.34264352529924
6.181427019227279,3.161389602005256,2.369239938967235,5,1,High,60.0
12.427858558616197,11.559188289553193,0.9696567096542474,3,1,Low,17.860707206919013
4.912810175729102,5.139667173773528,1.790316374415838,4,1,High,60.0
1.638938229986482,10.884036723086812,7.975140452964858,3,2,Low,25.12429773517571
2.001883548739702,8.029428764794616,6.7754580518377585,2,1,Low,71.1227097408112
10.661148844044611,10.267073597414875,5.469288759854769,2,2,Low,24.3478119805031
8.655052886427654,11.840131632104644,4.75089872866768,1,2,Low,37.97024192452333
1.4157174657190634,4.884054378187457,9.224342836561245,1,1,Medium,8.878285817193774
1.177495285609964,11.61135485407593,0.727349477786684,2,1,Low,40.0
9.81356784042768,5.894818949024204,2.8060081323791595,5,1,High,30.9321607978616
1.0186820890987094,5.855119047369223,3.4993785357071405,5,2,High,47.5031073214643
11.506040830064986,5.403871042545057,7.824258122127878,4,1,High,0.0
9.887391180190948,7.414076073475852,9.925146201619713,1,1,Medium,25.937313090946702
1.1388829289865967,3.541450431784871,2.4067051475715306,4,2,High,50.0
1.1877279971926868,7.537114853580112,8.743073341370806,1,1,Low,41.28463329314597
13.812954099016457,7.41704812410004,8.306227604317913,2,1,Medium,14.404091483328152
5.239791140585685,9.6190181260487,2.2465739764176664,5,1,Low,60.0
5.188990058936473,10.336499619375855,3.993325801992226,5,0,Medium,45.03337099003887
11.379193941605036,6.404413503124241,4.096728692925192,2,2,Low,27.62038682734886
13.261480083374021,5.023332493514937,9.782206685265583,4,0,High,0.0
13.804014893520193,4.5933489731709445,1.8089190137889832,4,1,High,10.979925532399033
10.547294593625182,3.9462383670487196,7.99157971104782,3,2,High,12.30562847663499
5.2676341974328205,2.5764758219902486,3.341927141731099,1,1,Medium,58.2903642913445
1.1690100337813627,5.424479788347133,7.308703457761604,4,2,High,28.45648271119198
10.880056822984114,4.702476921307833,4.200110042956629,2,2,High,29.59916567029628
7.817659496301271,11.664173858664073,5.7835976311654,4,1,Low,46.082011844172996
5.939108129457668,7.577088262500439,8.326117733261311,5,0,High,53.36941133369344
12.688961391326304,5.472770390305076,8.041655649838841,1,2,High,1.3469147941742783
1.5567647522861188,7.80467600993696,8.664231835397002,3,1,Low,41.67884082301499
6.8967514600720286,3.391967013456955,0.5961732534465902,1,0,High,50.0
0.15895102674386696,6.4404374920220295,6.920505530397448,5,2,Medium,30.39747234801276
6.561248987917768,8.262343214210638,1.3998737672176287,5,0,Medium,80.0
0.7882458595457229,6.888978317924514,4.1581856801841095,5,2,Low,44.20907159907945
1.663450827753007,6.017788006543243,5.485884150546885,5,0,Medium,17.570579247265577
1.6453674548794683,11.938483888996982,4.027394847468307,2,0,Low,24.863025762658467
9.08894422962489,10.80314762148927,5.196116758030075,3,0,Medium,13.57469506172518
10.444628309715926,8.234059581594401,9.965263087986191,5,2,High,32.95054301148942
8.167162711360234,7.693773611822827,1.3521731371285473,5,1,Medium,69.16418644319883
13.470415678643587,8.206604798245841,6.754560453364256,4,2,High,33.87511933996078
5.248188113331857,4.013121078224333,3.960009663856152,3,1,Medium,55.19995168071924
3.9999692079460503,5.951377432643186,1.3300979890732878,1,1,Medium,60.0
12.160387794652443,2.394595328908993,1.5873676337430953,3,1,High,19.198061026737783
3.130341739272337,6.7554603748682664,9.49273106245617,3,1,Low,27.53634468771915
13.485115552168558,7.4302458395766315,8.796014967117621,3,1,Medium,13.594347403569103
0.17016264565742878,4.277497361032096,9.070419604150219,5,1,High,9.647901979248907
13.578303573906947,11.640288471655138,9.915327758273865,5,1,High,0.0
0.6042387673080656,11.09454610937242,2.0831539000851795,2,2,Low,50.0
12.476003591772995,9.22143235455906,3.5543933736406172,1,0,Medium,4.848015172931937
7.387815527208198,7.333866287653626,6.692190299248667,4,2,Medium,81.53904850375667
13.901507145670205,10.69969159647685,4.838025398606472,3,0,Medium,0.0
1.033151906295584,3.3065234382346294,4.183895333783335,1,1,Medium,34.08052333108333
7.753959981618491,9.90509794274885,3.5781124933559303,1,1,Low,57.10943753322035
13.570235498667385,3.248208139668483,5.937806319434522,2,1,High,0.0
7.3233698183820835,9.942106625494054,5.75593428640082,4,1,Low,46.2203285679959
8.811580933893676,4.75767568251357,1.6145783406424008,3,1,High,35.942095330531615
9.74048164578464,10.770905810181889,4.71739837518439,4,1,Medium,22.710599895154843
6.363574906748825,11.440420938253979,5.534717762098499,2,2,Low,57.32641118950751
8.785813121176888,3.487959694051156,5.702869387313905,5,1,High,22.556587457546037
8.180400366923404,6.626756050653935,2.101071929123518,1,2,Low,49.097998165382975
12.616212146873846,11.809873781626852,7.422713922522868,3,1,Medium,0.0
0.6362493247804102,6.834074359731466,0.25199094821069634,5,1,Low,40.0
3.9334846542912247,10.635475225145452,3.5483185554316266,2,1,Low,57.25840722284187
13.305760777071821,7.887315221313198,7.802126485356336,4,1,High,19.46056368785921
12.463692974472828,5.753299079196019,5.638929210554023,1,1,High,4.486889074865745
6.379194538999981,4.857835555258702,2.611624325108602,3,1,Medium,60.0
8.681856369221514,4.032230910860873,6.949531193430477,5,0,High,6.843062186740045
3.8833365617358577,9.617981913776973,5.673909441560734,5,1,Low,46.63045279219633
2.6336962361326584,5.865405068230279,7.962436094563872,1,0,High,25.187819527180643
6.491777669159751,7.112754622007511,7.350251861898234,4,1,Medium,68.24874069050884
4.946931192364739,6.9232548000118195,6.1010792203623465,2,1,Low,44.49460389818827
8.171185565912209,7.772790292331313,4.88177675310814,4,2,Medium,69.73518840489825
1.0882849175097877,10.655771456245523,1.331821256675234,4,2,Low,50.0
13.641527307326331,11.807393435834294,2.613330178853838,4,0,High,1.7923634633683427
13.80695042271444,6.075842085738169,4.1909947291708525,1,2,Low,15.010274240573537
9.774263996276431,10.27518922106303,5.992992870063887,1,2,Low,26.16371566829841
7.505349128817685,9.645277946547177,5.137078552153048,2,1,Low,49.31460723923476
4.333386628008588,7.735289514555733,2.881845259595295,4,1,Low,90.0
11.393130275897281,11.56047143611933,0.06464357789710551,1,2,Low,33.0343486205136
9.58623641575431,4.004745155284028,4.962392219008139,2,1,High,22.25685682618775
2.276637150828478,3.092642103096214,2.856259885622431,2,2,Medium,70.0
12.752980582913795,10.539619669554222,7.346083007105351,4,0,High,0.0
11.515521400924365,6.391498166337483,0.2394626527048349,3,0,Medium,12.422392995378175
13.297198786086936,10.469688542070605,5.8482781130579085,4,1,Medium,0.0
10.16007311743704,10.930902051954149,9.414742375060655,3,1,Medium,0.0
8.587812743101058,2.6245759361907144,1.744092671114995,2,2,High,47.060936284494716
5.855402508068664,10.834647629860607,4.716494907505954,1,2,Low,61.41752546247023
13.058198766956185,6.483190553694222,0.9142199181713817,5,1,Medium,14.709006165219076
12.124894453005718,7.104324890042323,6.256819122613527,2,0,High,23.09143212190378
0.6330613814866517,8.265925110932102,5.505316805962256,1,2,Low,67.47341597018873
0.36913764296152807,11.263826067300867,4.073655242128323,2,1,Low,34.63172378935838
5.270487136292695,2.19116094429764,5.213770214737412,4,0,High,38.93114892631294
11.347746630945661,6.768434683178171,8.965746584690102,3,1,Medium,0.0
13.821865810409223,8.877220424305607,1.9629430231106704,2,2,Low,50.890670947953886
2.1058364754493946,9.227069576982284,0.22564511705347234,1,2,Low,70.0
8.317830014929893,8.92532431537108,8.61664884699101,4,1,High,40.32760569039548
5.332471992834301,3.3443512940812186,5.771170823879065,5,1,High,46.144145880604675
13.578801569404444,4.993955883716812,8.906584554618425,4,2,High,0.0
11.789664923899922,5.587155254170135,5.969452234131726,3,1,High,6.204414209841762
11.73660186595593,10.04437207679505,8.101610899597025,4,1,High,0.0
6.561704237129584,4.78759872414553,4.296733633551479,5,1,High,53.5163318322426
5.807473032727312,4.107049638672032,7.498599312882687,1,2,Medium,47.50700343558656
3.8276990070298873,11.574480190380962,9.13041466889856,2,1,Low,29.3479266555072
0.7892569531129796,2.088632851134689,5.721229637222063,3,0,High,16.393851813889686
12.106113267570745,11.978208556819782,1.8078515056237954,5,1,Medium,19.469433662146276
11.380614127821087,8.768212988573957,2.6879761503019814,3,1,Low,53.09692936089456
13.996047426005829,10.28469299449117,1.9864457689740578,4,1,Medium,10.019762869970855
13.952915719034674,4.946193963461932,2.468570275957329,3,0,High,0.23542140482662788
7.776043878436784,2.1431527766705996,3.0641544935103635,5,1,High,59.67922753244818
10.765823812527147,9.3786951856153,5.551337867531885,2,1,Low,13.414191599704843
13.226720218353993,10.341445970006758,5.879916294638328,2,0,Medium,0.0
11.89506346948376,9.404761319535192,4.264997472418611,3,0,Medium,4.199695290488144
3.4628734244047674,3.428502873008386,6.154207798208354,1,2,Medium,54.22896100895823
6.307617894341309,9.53427922256969,0.8157492561136592,3,2,Low,70.0
1.8082318121209298,9.68922782107641,0.8778823705815997,4,1,Low,40.0
13.356714381622114,8.58540515670055,1.7182946035765845,2,2,Low,53.21642809188943
8.48644488231232,9.661159327955861,5.180774980403448,2,1,Low,26.66390068642116
3.200999277048478,10.459214396777321,2.1399467869831357,2,2,Low,70.0
9.403809581681994,8.136041142374584,2.832844034925773,1,1,Low,62.98095209159003
8.653795366410542,2.8860471396967906,4.0031283617299405,1,1,High,31.715381359297588
5.014278052459767,6.876278096672109,8.118661240103798,5,0,High,24.406693799481012
1.5898062907948063,2.776493346716051,0.13862135912860118,3,1,Medium,40.0
9.402024738299195,6.075430310324308,6.493788202366224,3,2,Medium,25.520935296672903
7.284307812653106,6.071064891256277,6.688765310406853,4,1,Medium,41.55617344796573
10.81245748429895,2.6600984414024156,7.986557803566365,2,1,High,1.0049235606734293
7.282289015567907,5.488205339694793,9.327529390603132,1,0,High,18.36235304698434
11.930541004459561,3.1099809879131484,0.20137848949289827,4,2,High,30.34729497770219
7.726695742842797,10.082352100092221,1.5378370551321618,4,1,Low,60.0
7.853131601495408,11.476880259644707,8.861712940559931,1,1,Low,30.691435297200343
12.273150437216831,2.723164752579386,4.585185621870154,3,2,High,20.708319704565078
5.648760126973558,11.551152072917015,5.645906389334635,2,0,Low,36.77046805332682
1.8762131983089703,7.225765993367451,6.630272037231474,3,1,Low,51.84863981384263
0.4029574683867456,4.995656779538739,6.790666044956374,4,2,High,31.04666977521813
10.571921579430667,2.768620752761635,9.317404033165083,2,1,High,0.0
8.684333718948505,7.006242680704178,9.969494174116697,5,1,High,31.730860534673987
9.85711675338913,9.945155444907487,7.201574609309402,4,1,High,9.70654318650734
2.9814982611247505,9.070864772666981,2.872212092051508,3,2,Low,70.0
1.9092006582147767,2.5022601146397374,8.797524022943437,3,0,High,1.0123798852828187
0.203625319350347,2.7290183536790353,0.49220914540761607,3,2,Medium,50.0
4.908225823292358,6.028732826326371,2.3108085287449622,1,2,Low,70.0
8.258847615964862,4.952904940479433,8.973857174637148,4,0,High,0.0
5.491416631396253,4.323843230560478,2.5619151443935495,2,2,Medium,70.0
6.124648908332206,4.810044989087136,2.206510596217485,3,1,Medium,60.0
12.658221722912478,10.034827432968846,1.3812529314024724,3,1,Low,16.70889138543761
4.875576538326205,11.29228053631854,8.591117576469165,1,2,Low,42.044412117654176
7.195852848237351,6.051026945275664,5.000582591910867,2,2,Low,59.99708704044566
10.971142178376002,11.061110021324971,6.748932030541548,4,0,High,0.0
5.551598952497782,5.21495701247882,2.390663840750297,5,1,High,60.0
8.709213803190229,6.764369863437916,7.580404210112165,1,1,Medium,13.55190993348803
12.073091922454433,4.260289978159998,7.600055449620985,4,1,High,0.0
13.293288731206989,8.40476042175844,3.1259802490830015,5,1,Medium,42.903655098550054
2.059028733006531,11.78981115174809,4.1068263301028285,3,0,Low,44.46586834948586
12.972226752260921,8.034930960433787,2.0969027743020083,3,1,Low,45.13886623869539
6.889628103113535,5.578140841135489,9.765610233229044,2,1,Medium,26.171948833854785
3.615421436185417,8.478174459905283,6.456025770584116,5,0,High,62.71987114707942
6.4279005873356585,3.2292067846538757,9.345438807155155,3,2,Medium,38.272805964224226
13.720456053996678,10.886590802653986,3.033855436291332,3,2,Low,21.22844254855995
6.896653315900174,7.030839507798364,7.8189091299688975,2,1,Low,65.90545435015551
4.602522544025115,6.49349742039642,7.65858643884742,4,1,Medium,36.7070678057629
8.86761196043416,7.858647884535192,6.916556518665415,3,1,Medium,46.079157604502115
3.3620386628947028,8.247838627894025,9.656389752668005,1,1,Low,56.718051236659974
1.0620865935212949,2.7177580622651303,3.9355533610631555,1,1,Medium,35.32223319468422
1.8043161067490892,8.826172212234024,1.307173235897573,4,2,Low,80.0
1.7926417454088142,4.419316803155295,6.717088592440607,5,0,High,11.414557037796964
2.1266377091721207,9.139526325065898,7.2930980047720615,2,0,Medium,28.534509976139688
1.943580417091742,10.225347943841967,5.750605734588147,1,0,Low,16.246971327059264
8.972246427245004,10.039585075525203,2.0681789313339625,1,0,Medium,25.13876786377498
2.5463211815880276,7.525009674078891,5.044559416693554,4,0,Medium,69.77720291653223
4.839341966534085,7.201698923107512,3.121897365691294,5,2,Low,99.39051317154353
12.555037738684165,3.428759613394117,4.27466528166689,5,1,High,10.851484898244724
6.635462963680213,9.753461504031357,6.452185758446639,4,0,High,32.739071207766806
9.345808339294381,4.714093804467144,7.452147426908345,1,1,High,11.01022116898637
2.4124781968228177,6.966954228179466,2.3222469090134314,2,2,Low,70.0
2.692046263321391,4.842740929275167,4.053253606469534,1,1,Medium,54.73373196765233
0.5721606277307041,3.3382836299969316,2.6916157099162916,5,1,High,40.0
2.3650908830103035,8.295576968917366,1.9863161386186912,1,2,Low,100.0
3.9002647464474207,2.543320348229038,7.833872199958384,2,1,Medium,35.83063900020808
2.4781467798744554,9.486452341262,9.092526944369924,3,1,Low,29.537365278150382
1.2418354725987786,5.175867952611167,3.702321856845767,1,1,Medium,36.48839071577116
1.6889021954084114,2.0013469300448534,7.512789243737669,4,1,High,17.436053781311657
6.450902752458161,7.111291392372298,8.96995289364411,3,1,Low,60.150235531779444
2.888672057681095,2.4685190852760313,8.461242105302315,4,1,High,32.69378947348842
5.099778054673056,4.761695578208995,1.828133885392259,4,1,High,60.0
7.047841791967996,9.069764874557162,9.562918815133614,4,1,Medium,27.18540592433193
9.665527600811114,2.6268962162186584,3.7667644042946247,1,0,High,17.83853997447131
0.5503699577753851,10.393384923560024,3.3924066117383633,5,0,Medium,28.037966941308184
11.191745584726597,2.038199226585831,0.6243132727778034,3,1,High,24.041272076367015
8.79060545287271,4.468238692019023,4.86173654104883,2,2,High,36.7382900303923
1.1446264472842067,9.409040561520715,1.090136156409287,5,1,Low,40.0
12.230100737494881,5.162701497293067,2.48539820927426,1,1,High,18.849496312525595
12.892213607445385,3.018923880660135,3.1694262176728136,4,1,High,14.691800874409008
0.8550914379680925,5.6023391880042785,8.088263234916841,2,0,High,4.558683825415795
3.876287074060852,4.703932863845255,8.754886503958964,3,0,High,21.22556748020518
11.286817917102859,10.427119021605549,3.024663174614697,5,1,Medium,23.442594541412223
10.475635665371216,5.1334791758514315,8.586981212445739,5,0,High,0.0
2.5832942709892825,9.889324717760072,8.57230937369791,2,0,Medium,22.138453131510445
2.9308905267139442,10.918721448107348,7.646509503848735,1,2,Low,46.767452480756326
5.186609439079348,6.338174195765295,1.4669511401518154,3,0,Low,50.0
6.783321792674299,11.09943143854392,6.90322846900729,2,1,Low,40.48385765496355
8.655566801424143,5.7731805396319285,9.450240645805687,4,1,High,4.470962763850849
5.164790953976814,11.640784164901081,6.82540478767157,3,1,Low,40.87297606164215
6.47548602586407,2.8928952452557293,3.3161684910783396,5,1,High,58.419157544608304
10.464593133872592,8.870192665032427,5.005793174308312,2,1,Low,47.648068459095484
0.5135648404683706,6.938140404569287,6.457250433510536,5,1,Medium,22.713747832447318
3.5341172208162908,5.876488054556471,5.105704087285035,5,2,High,59.471479563574825
9.986894202383734,8.32711878748601,1.1995294173096982,5,2,Medium,70.06552898808133
12.53289572762079,9.038570916343312,3.1206404465202064,1,0,Medium,6.732319129295018
7.163484189619326,2.043632696503091,8.023960305536326,5,0,High,24.88019847231837
7.449588793714419,3.6695308874719874,8.614180460955174,4,2,High,41.92909769522413
1.5004081587568647,9.130460506343187,1.3730003271557023,4,1,Low,40.0
6.263773135528365,8.663854135782065,9.523867523987246,3,1,Low,57.38066238006377
7.4566417303703245,11.660475051286772,3.2882261784860933,5,1,Low,58.558869107569535
3.3945870508862153,9.61037790250783,6.6231373873071995,5,0,High,31.884313063464006
3.7694052332913337,11.50772707731338,7.5182514595668115,2,1,Low,37.40874270216594
5.281978283464717,9.02540501534807,8.119462346378834,1,1,Low,34.402688268105834
0.28099676888816916,4.980522086394432,9.457497022259302,3,1,Medium,7.712514888703488
4.509108318164496,3.0536492225085645,3.1291954802882262,5,1,High,59.35402259855887
2.9602720979516253,9.818238633449356,8.585064545515545,2,2,Low,42.07467727242228
4.584962930490805,8.441492214759158,1.3168690343620704,1,1,Low,90.0
1.676669845469517,2.4818601239329623,7.050409063535927,3,0,High,9.747954682320366
12.46738193035853,5.600504659009784,7.419777295139859,3,1,High,0.0
8.310294349756681,11.567998154842861,6.777232412013205,5,2,High,29.56236619115057
9.507432468022854,7.0040114571020125,2.52314736135153,3,2,Low,72.46283765988574
11.048397340502737,6.327291360197046,8.730431470152034,2,1,Medium,0.0
6.978190785006802,6.57699605159294,1.68858463370395,3,0,Low,50.0
1.2168840332239317,4.0888272400516374,0.5363479152083084,4,2,High,50.0
7.519491585459669,5.687071708647952,7.174649906119122,2,1,Medium,39.12675046940439
8.215775652292308,5.698132559871766,4.754757152327337,1,0,High,20.147335976901775
10.43615263858062,2.5235502018747242,8.49098019958676,1,1,High,0.36433580916310504
6.043233647215511,9.675676285179183,3.8339714105825893,5,1,Low,55.830142947087054
1.7861242391378926,6.16504431903879,1.6827858850771282,5,1,Low,40.0
3.972862681182143,10.221798868164234,8.364421924698696,4,1,Medium,33.17789037650652
5.083152149580892,10.503480011198954,5.489096316400717,1,1,Low,47.55451841799641
9.042841378642418,4.11994054698658,1.8919579239035489,1,2,High,44.78579310678791
7.990896265364766,8.573534821701285,7.203839985864457,1,2,Low,78.98080007067772
4.985354162569847,6.722818041629817,5.111136384895005,1,2,Low,59.444318075524976
13.811213483101715,10.80156737921485,6.043129822403198,3,2,Medium,5.728283472475429
8.48084747099642,4.157406791764541,4.608983382065819,2,0,High,19.550845734688803
3.3211750843039227,8.778132003100442,8.287089838180064,2,1,Low,63.56455080909968
1.4249546166856524,8.077521222527226,8.295627156830498,4,1,Medium,43.52186421584751
2.1400279485806486,4.953014775718328,7.093888218243862,3,2,Medium,49.53055890878069
3.443408197383114,3.366009036511726,1.0540137739646227,1,1,Medium,60.0
2.2495392256337796,8.516397604772767,8.388538619040688,1,2,Low,73.05730690479656
2.6119383367182807,9.385974581323307,6.710129805329098,5,1,Medium,41.44935097335451
3.9913323617138596,5.1562734376335,6.970241660042995,5,2,High,50.14879169978502
2.4272303341265675,8.448326040223138,3.629828404038716,4,0,Medium,76.85085797980642
12.554715944769953,5.951309076115033,8.792795561570067,1,0,High,0.0
1.123272439262991,9.132068832826178,7.2537160023485745,4,2,Medium,28.731419988257127
7.343159453983565,3.992152748940531,1.1259046652919447,3,0,High,50.0
5.745555577855261,10.902150026361744,4.077780344061627,2,2,Low,64.61109827969187
13.753300636720489,4.8740959646557975,8.863803619601416,1,0,High,0.0
1.5685446303527328,5.677859877561529,0.47196701697378995,3,1,Medium,40.0
5.569978386640383,2.580919520803498,9.614166196420495,1,1,Medium,26.92916901789752
13.572586065855164,3.115122123212764,6.791625683195628,5,1,High,0.0
12.117099762515723,7.158619027123281,6.313759776433766,4,1,High,32.84570230525256
11.439008993289919,4.675926767279715,2.7055925648799137,5,1,High,22.804955033550407
3.610639578629158,10.354802257421944,2.4879178873917707,2,0,Low,50.0
2.3924262234609213,2.1469338865495384,9.420582194885954,5,0,High,17.89708902557023
9.361005078942034,5.790940486719362,2.982724542341227,1,1,High,33.19497460528983
13.011263847786202,5.373455467690927,7.755052967189994,5,1,High,0.0
7.794680502195017,2.19327630917601,3.9312179820707915,1,2,Medium,65.34391008964604
8.002577652578598,3.243683990005102,1.3925407078470398,2,1,High,39.987111737107014
3.9197073112439784,6.136426749186352,0.1071529769535895,5,1,Low,60.0
10.772901064687117,6.928645844474467,5.442573370152508,4,1,Medium,13.922627825801872
2.618612479805327,6.042897472548691,9.757788185489327,4,0,High,16.21105907255337
4.531509309659412,7.309376784120938,3.6913619380920446,4,1,Low,86.54319030953978
5.956110140629835,7.951316749056815,3.571923339930448,5,2,Low,97.14038330034776
7.10654530158237,2.0992382112783563,3.4409161784944207,5,2,High,67.79541910752789
3.3937362538111233,6.640951594535039,5.205438373048584,5,1,Low,48.97280813475708
1.6077155463488495,11.634992408875883,4.406648834242936,1,1,Low,32.966755828785324
8.548680594182857,7.190322801295487,8.799146267270144,2,2,Medium,48.26086569273499
4.040827745363581,8.775422674589532,5.0552079172349025,4,1,Low,79.7239604138255
8.137335099916571,5.118638579168832,5.077578381885688,1,0,High,18.925432590988706
2.161078013838832,9.739913781527626,1.383715947205566,4,0,Medium,50.0
6.735961425967445,9.72921481876115,9.82739540910386,1,1,Low,25.863022954480705
7.456252055722202,7.212960476541389,2.499728908688297,5,2,Low,100.0
0.7255295155139767,11.760138232792135,0.7336406745960267,4,1,Low,40.0
4.712459894714888,3.255502147626534,6.631462489752088,5,0,High,31.842687551239564
1.8818054771456394,2.16947664889581,5.953663701568726,4,0,High,15.231681492156369
0.8872495866187484,9.70158211757096,4.151456539927457,3,2,Low,44.24271730036271
13.859443253459233,10.071555373648826,4.221922338806781,1,2,Low,14.59317203866993
4.512953829646122,3.2020722912057624,7.850639210464312,3,1,Medium,35.746803947678444
11.338242241964888,4.655828329586061,1.9571264009964906,1,1,High,23.30878879017556
3.564969166692694,2.1755236336662893,8.202533189448896,2,0,High,23.987334052755514
9.541038111135009,4.9330861078056465,6.487471138950181,4,2,High,24.85745374957405
10.64319003845561,9.731418739186715,4.189697737795244,2,2,Low,30.835561118745723
8.33894236850982,7.179605277125789,4.580286165838686,2,1,Low,60.40385732825747
6.602066639702217,5.480955931682881,2.566472071860958,1,2,Medium,70.0
5.765772798061759,5.717392949063303,7.521143326969748,3,1,Medium,37.39428336515126
4.884155731601934,2.0135362571546818,5.128747423052678,5,0,High,39.35626288473661
13.013408019469562,4.998005275652359,3.2085454274984357,1,1,High,13.890232765160011
11.628671709028207,8.464587416379304,5.960501157609502,5,0,High,27.054135666811447
13.510376749331176,11.741944438163571,9.95734452051323,2,1,Medium,0.0
1.7401611287976262,10.470608269838994,4.352622796565538,5,1,Low,33.23688601717231
10.23214465285102,2.2359496464552913,9.206914007786196,3,1,High,0.0
13.13676639549453,10.985606046748394,3.450168399245661,1,1,Low,12.065326026299047
2.537262926319242,9.831984132986259,0.5473270692498589,3,1,Low,60.0
0.9309477431348849,9.803761235709803,2.042421063684289,3,0,Low,30.0
10.375689090060828,6.579957590035715,4.1869514332768425,1,1,Low,22.18679738331165
8.042623584518767,5.980052929545028,2.19634928594569,3,1,High,39.78688207740617
11.785602874615808,5.029157288331926,0.002270382182555375,4,1,High,21.07198562692096
1.956813272768053,2.6569485895436578,9.150015377475272,4,2,High,19.24992311262364
11.133742366038463,4.282353634936991,8.43879411230929,4,2,High,7.137317608261235
2.8227824806684234,4.466036349780246,7.422922314869471,5,2,High,47.88538842565265
2.291183200119863,6.840770697102016,1.6781459564602863,3,1,Low,60.0
2.299721171033901,9.47444406596694,1.2036357620998606,1,0,Low,50.0
11.404046083239349,6.7380982839794665,0.6760474947238315,1,1,Low,22.979769583803254
9.312761089746802,2.578444494471606,7.240291887729212,5,1,High,12.23473511261993
7.3229159467676705,11.57789800988204,9.288079606878853,1,1,Low,28.559601965605736
5.023626777729035,11.427243190941123,4.30535820913037,4,0,Medium,43.47320895434815
12.280807571383516,9.851895431484085,1.1914067199604816,3,2,Low,28.59596214308242
5.494231503916895,11.913279015642205,5.1239282073210655,1,0,Low,39.38035896339467
11.432392152602079,7.444823328002629,3.4883190745863013,1,2,Low,60.3964438640581
6.147888719983058,11.627683502532062,3.748249243499977,2,2,Low,66.25875378250012
5.277222011948706,2.7560504061675077,6.213306241557072,2,1,Medium,43.93346879221464
6.47751699937449,5.656807482613713,7.187181132622023,2,2,Medium,49.06409433688988
4.219290238297989,4.253812680067658,1.1060359887316085,3,1,Medium,60.0
10.466531322467516,3.9583308413427005,0.35590230806476386,4,2,High,37.66734338766242
7.038085461294708,3.408029488926761,9.943303026857148,4,1,High,25.283484865714257
3.2509777320554423,8.224136415659967,2.3272834891555183,4,2,Low,100.0
12.594044025843958,9.81321855747305,0.5383052490845908,3,1,Low,17.02977987078021
5.3744770992249595,7.782983994203606,1.8987532909591998,3,2,Low,100.0
7.60974005559584,3.469627095882097,0.3895784634846422,2,1,Medium,60.0
12.690609553503657,10.111237699334708,3.9181089461717167,1,1,Low,11.956407501623131
8.73933194279589,8.359547071637285,8.024017844513242,5,2,High,51.18325106345435
1.636572569917097,5.881657061269955,3.412444497577206,5,2,High,47.93777751211397
13.157649730588652,8.741302955360629,4.441834068783665,1,1,Low,37.00258100313842
8.78791274299985,4.599049792428328,6.7558677356743875,2,0,High,7.281097606628812
4.688678605199206,5.451922084942105,5.088940700698802,1,1,Medium,49.55529649650599
1.9498090172874216,11.174858431319903,8.614456860213242,1,2,Low,21.927715698933792
11.116352649784144,4.905045056714204,8.660356750457565,5,2,High,6.1164529987914555
8.68101858299919,6.699882681579366,0.09910695491153643,2,2,Low,46.59490708500405
7.468455287668501,10.901411373960146,7.7804630648319915,3,0,Medium,26.097684675840043
12.514496162713407,9.077213502675274,4.607336002416739,5,1,Medium,9.390839174349273
11.040360957143431,2.6220322616470275,9.888405413036631,3,1,High,0.0
2.1234483162585165,3.473030442789703,4.832320758754351,2,2,Medium,60.838396206228246
4.364108949137675,2.078415907719168,9.868959453882976,1,0,High,15.655202730585117
3.4788479574025204,8.309217902291634,7.545693612057366,4,2,Medium,77.27153193971317
10.415248096017478,6.4767342541041835,2.4860488461330634,4,1,Medium,27.923759519912608
0.46945408630091134,3.3427485090227553,5.3839497928695765,2,0,High,18.080251035652118
7.978455588198432,11.579341210567705,9.921356394785828,4,1,Medium,25.393218026070855
10.674421600369667,7.296597239456199,8.575306077519237,3,1,Medium,28.751361610555477
12.274718914664492,4.418932941128892,0.973668937912211,4,1,High,18.626405426677543
4.789144482022705,7.006035711547075,7.063719968099961,2,0,Medium,59.6814001595002
11.49760226540818,8.796203327351078,3.4557958587081306,2,0,Medium,40.233009379418455
1.5488443173729012,2.7623921797356448,0.06982261880348117,3,2,Medium,50.0
11.850332084283254,4.74703815047892,4.034809690269996,4,0,High,5.574291127233753
1.7848412726477538,10.069654908839937,2.347544217249713,4,1,Low,40.0
5.562022067845142,6.596648704026612,8.188692705204716,1,1,Low,34.05653647397642
11.162135120913751,7.465771420322949,3.373306088457655,5,1,Medium,52.32279395314297
2.098843982882833,6.328160022094693,8.275236939538171,2,2,Low,43.62381530230914
3.209519533256981,2.438999426430051,0.005979388347953085,1,1,Medium,60.0
10.111535957502928,3.6574977982015593,3.0781915002611915,2,2,High,39.051362711179394
10.08051151164504,6.455416387418909,2.411652143077619,1,1,Low,29.597442441774795
8.976066860394162,4.091854654079278,2.3356736106861096,5,0,High,25.119665698029188
9.7152782225394,2.499790286596787,0.681866197654627,1,0,High,21.423608887303
7.5981422068663464,10.436496640518238,1.8712427041050173,2,1,Low,60.0
3.5251868246973386,11.811925291641158,5.555495698856198,4,1,Low,47.22252150571901
4.839743909054873,9.931428739967394,2.913610728377445,2,2,Low,70.0
2.542368035219959,10.53784921704667,4.1739478232914795,3,1,Low,54.130260883542604
12.718307858670796,4.419771303170454,3.7686688034718854,3,1,High,12.56511668928659
8.167485126725687,11.606269755131997,8.759049249998945,3,0,High,0.3673281163768394
5.6119198346909585,3.9692570445342836,9.052989990105155,3,1,Medium,29.735050049474225
6.468081251017858,11.514298103618323,4.929569716558601,5,1,Low,50.352151417207
13.261966754565414,11.94819293965951,3.301559503156044,4,1,Medium,12.18236871139271
2.1469196436251226,9.117228057460487,1.0680070400236363,4,1,Low,60.0
8.207217648235162,11.81143731791822,9.53402879382095,2,0,High,0.0
7.0824415043825235,7.695397795671036,0.6022694490029745,1,1,Low,90.0
8.56035929608507,4.595417831760903,2.976502775682804,2,2,High,47.198203519574655
0.2535425734917671,6.369958856656209,2.9806620117000415,2,1,Low,40.0
12.209734725218121,7.93560935378786,3.2040128614021492,2,1,Low,47.93126206689865
13.049655954770573,2.7308156202701497,1.6428684327240928,2,2,High,24.751720226147135
7.911864570248925,8.22343264617246,7.831614309236972,4,1,Medium,65.84192845381514
9.753111534276492,11.811778367622946,1.2249786196598922,1,1,Low,31.23444232861754
12.914991336482139,3.901076497837276,6.349066591531628,2,0,High,0.0
9.90134088038758,9.925951162883834,1.2384602670581746,4,1,Medium,30.493295598062097
2.1355466007996586,11.078987937796194,0.7053563759295656,2,0,Low,50.0
8.068037042335384,11.437015928202207,9.094295036858766,3,2,Medium,19.188339604029252
8.494010649359982,11.601356044054473,1.9012876631870568,2,2,Low,47.52994675320009
5.937829398233404,7.214596387214719,8.212501545597043,2,2,Low,73.9374922720148
10.31021929874612,11.773079079915037,5.446308711071358,5,2,Medium,26.21735995091261
13.081138206766209,9.573102071344389,0.778565196087696,3,1,Low,14.594308966168956
12.957959180694868,3.6167143623696187,9.554481914380675,1,1,High,0.0
6.3117511996578495,6.7690010646797,2.4696116699189252,2,2,Low,70.0
1.5853326417705735,9.183311753720039,8.596453453526065,1,2,Low,22.017732732369673
13.787776785472683,4.473403158190833,1.6881000578456418,3,1,High,11.061116072636583
11.744573210243077,8.406151835488874,8.539428821418529,2,2,Medium,33.57998984169197
1.7452775368457358,8.666004790466193,0.13228812905293985,5,1,Low,70.0
12.891786356643212,3.6269974380856587,5.117804565694807,4,1,High,4.952045388309902
12.178549068869795,7.650853124527563,7.694425794215568,5,1,High,25.63512568457318
7.26373279976501,9.716269109786078,9.347955174927833,5,1,Medium,28.260224125360836
8.277856100429009,6.988956645359419,9.09202136206487,4,0,High,0.0
5.586037854181823,2.1210311677610743,8.196248695476449,4,1,High,34.01875652261776
0.7666629435084387,2.0903846907929218,8.881913496613041,4,1,High,10.590432516934793
4.692761383042613,5.570293439700122,1.992196858370765,2,1,Medium,60.0
11.239948280372161,11.26194068431782,2.8418429571172874,1,1,Low,23.800258598139195
0.06484832206444002,4.286767796036088,2.889685249210585,1,2,Medium,50.0
4.6689884036760185,8.34363688871687,3.7705393100169884,4,1,Low,86.14730344991506
5.574361710273206,4.220758706933205,3.933206703851887,5,1,High,55.333966480740564
7.5235384411309205,5.216699896595486,5.445553246546755,3,0,High,37.77223376726623
12.877978629778646,10.48042089601484,1.5987976336644139,4,0,High,5.610106851106771
4.848843921123457,9.28861442269947,6.912466637859893,5,2,Medium,50.437666810700534
4.8573448265471875,2.9539927731321063,1.675665393045065,5,1,High,60.0
10.325017473536477,6.287020209864336,3.103084821045475,2,2,Low,37.85948852709024
6.3310511724573,2.2916976364526445,5.03345130606154,2,0,High,39.8327434696923
3.1444675211597475,6.80890146603009,7.964405615234773,1,1,Low,35.177971923826135
6.334153225857707,8.62434011701068,7.394692332387272,1,1,Low,68.02653833806363
1.971998285317198,3.185026235981516,6.455343564105222,3,1,Medium,22.72328217947389
2.4694178110871263,4.888849389091657,1.5577326058017016,3,0,High,50.0
6.977148818352717,5.9783662550215695,5.470453456155777,3,0,High,37.64773271922111
5.8649562930636705,11.195310246560497,0.8744650179988545,3,1,Low,60.0
12.807842614953401,11.93255015422964,3.7736317679665077,5,0,High,2.092628085400456
5.073514587632864,2.4491129899561583,4.135165302899591,5,2,High,64.32417348550204
8.128236903892608,9.61007923495392,0.39811439445753827,1,1,Low,39.35881548053696
8.851700030873426,5.717240664023432,2.7398809946997185,2,0,High,25.741499845632873
0.1833223922366709,5.924581862294801,9.556494672664893,2,0,High,0.0
9.289523208233948,9.542649733470228,9.536326078296895,4,1,High,0.8707535673457869
2.49250353617652,11.184264321454087,3.5232705425253927,5,0,Medium,47.38364728737304
13.454984444572371,11.509285945025484,0.43100108948324056,3,2,Low,22.725077777138143
2.0812781885435814,7.771225860383208,1.7909493932818155,3,2,Low,100.0
5.804737732178332,5.571211593005028,3.9221779343354015,4,1,High,55.38911032832299
1.194895353101014,9.875490858587792,9.477796979692299,2,1,Low,7.611015101538506
13.956239525843262,4.510013832623002,1.4119906353718492,3,0,High,0.21880237078368836
7.030730144637396,7.640740288335177,7.635158436682122,2,1,Low,66.8242078165894
8.335390242480614,5.585784615248731,1.0868253937469208,4,1,High,38.32304878759693
0.9390706834379847,8.56631073707876,9.81257577391277,2,1,Low,35.937121130436154
10.499446585588489,4.403989128935069,3.81616499109135,2,1,High,23.42194211660081
2.9386783033382007,3.9159294573482577,7.752345388990561,2,1,Medium,36.238273055047195
12.572760052169993,11.182390866754371,3.425910828111318,3,1,Low,15.006645598593442
2.8719549667481004,3.018036829495369,6.276688771588087,1,0,High,33.616556142059565
2.669628089291332,7.059579077349317,1.9201608474003673,5,1,Low,90.0
0.5116953498733283,4.208527829630089,1.4602101929696254,2,1,Medium,40.0
6.60893723153999,2.3892996332566745,9.380641395681312,2,2,Medium,38.09679302159344
7.90777586567663,2.360188182914264,9.176472779044335,2,0,High,19.117636104778324
0.9199209519969331,3.7522177210582734,8.874689402128823,1,2,Medium,20.626552989355886
10.857386633730147,10.667703545060002,6.254334501665935,4,1,High,9.44139432301959
6.346043686472386,4.824787439770267,8.082682112162782,3,0,High,24.586589439186085
7.34146377058612,11.504591705752958,0.6903693691137491,1,1,Low,60.0
6.170678457135194,7.816222929891936,3.3478904189067915,2,1,Low,88.26054790546604
5.6106828522545635,6.366141897687661,3.1370312475715623,1,2,Low,69.31484376214219
7.83496463831505,7.800888346694546,6.3564532195261325,1,0,Medium,63.21773390236933
2.173363443029975,7.166983852262677,3.559577734706405,1,1,Low,87.20211132646797
2.5469938269337957,9.587762537573251,1.485067816436808,4,1,Low,60.0
12.064998694189242,4.824960659728522,5.964670754135437,5,2,High,14.851652758376606
13.245616469870859,5.530503916003024,8.143839206690815,3,1,High,0.0
5.226330427916541,10.940943025332507,3.821234944599732,4,2,Low,65.89382527700134
3.7904254240097526,11.464565131504054,1.322687150984817,4,2,Low,70.0
9.015993605346221,10.925582274864745,1.9668819731282305,5,1,Medium,34.92003197326889
5.722278395373349,6.194479939573136,2.37483305169384,4,2,Low,70.0
0.35540897924482806,9.803655030068818,2.998975929945362,1,2,Low,50.0
2.186136363126665,6.763357333010988,6.4279507050630915,1,1,Low,42.860246474684544
10.023611203863565,6.975398521461022,6.00945484537719,2,1,Medium,14.834669753796222
9.224935186742119,4.046801090572839,6.960798615670392,4,1,High,14.07133098793745
0.37934389504876886,7.911303032585165,3.6250198453151317,2,1,Low,66.87490077342434
3.1076102670612924,3.861358977533479,8.239976518799782,3,0,High,23.800117406001092
3.2350471522329993,5.3156469906719375,2.0408766115576027,1,1,Medium,60.0
9.406498410382198,10.550302016199351,4.690407475181539,3,1,Low,24.515470572181314
0.27594752856109817,4.070758092108552,8.009387215414304,5,1,High,14.953063922928482
1.4575201477840338,2.7115828517343283,1.8015864773261925,1,0,High,30.0
11.198825195224652,2.690075926128163,1.0986311374078295,3,2,High,34.00587402387674
2.4996252687606706,11.407845205031078,8.836839676879897,5,2,Medium,40.81580161560051
9.138445509926246,7.069204379618347,3.4292966275919587,3,0,Medium,52.16128931240898
3.3345589346541713,6.094120718170183,6.83870124909032,5,1,Medium,40.8064937545484
1.3921794986308322,10.108785810079183,0.2534860426393848,5,1,Low,40.0
3.4044106739923574,10.35825927910516,6.900468884094496,1,2,Low,50.49765557952752
10.111737045979229,5.321910331156046,3.1610131154697054,2,0,High,18.63624919275533
11.979750553488,8.936180574737952,0.5574085358744174,5,1,Medium,50.10124723256
11.623078103937882,9.711228158518866,6.09812761548117,5,2,High,16.39397140290474
5.560569414658367,8.546506868659545,2.4080381607317323,1,2,Low,100.0
9.353191911989047,3.5159507480009937,3.8680724205188,2,2,High,38.89367833746077
2.8697801358214936,10.75883083517057,0.8058081228651359,4,2,Low,70.0
4.104068223654186,7.390945527360087,1.4716325109494532,4,0,Medium,80.0
12.548701459295676,4.824724263700037,2.9797723549584374,2,1,High,17.256492703521616
0.1820269291503045,6.252281854376939,0.8975950056015713,3,1,Low,40.0
1.197119431962553,2.3757109039890736,9.108262646863153,1,0,High,0.0
2.9104075720443827,3.2786680122241756,0.06047043183978418,2,2,Medium,70.0
0.371450854233476,9.655467505158608,4.838602188643114,4,0,Medium,20.806989056784428
2.5400960912571624,2.0001163475536616,1.2324745813255145,5,1,High,60.0
8.162581853575691,6.165658284822921,3.076790894779485,4,2,Medium,48.80313625822412
5.8999437082949715,7.225101810855884,9.260595598182654,5,0,High,48.69702200908673
12.497403955077647,2.546344200009723,1.6169455327398685,1,2,High,27.512980224611763
11.444209864338173,11.730781629723328,9.658323197183327,5,2,High,0.0
4.785442923770264,4.261253312496719,2.057943769894217,2,1,Medium,60.0
3.6319280680380945,5.0419871963628085,7.4156610846682955,5,0,High,27.921694576658524
5.315693714341736,5.0394251225502735,5.466772648973118,3,1,Medium,47.66613675513441
8.264129195207309,4.304166621173499,8.844787275967592,2,1,High,9.455417644125497
3.7528909715202676,2.014738220863114,5.539932555031309,1,1,Medium,47.30033722484345
8.738084709887875,9.293447940879963,5.345592191563087,2,1,Low,24.581615492745193
5.731763130677366,11.668454997992853,1.9545800036839989,3,2,Low,70.0
7.728660531927723,4.242934832850451,1.6622936205165872,1,0,High,50.0
6.105771407894434,8.630471918034225,9.164891511155142,4,2,Medium,69.17554244422429
4.122520633586848,9.41896326958715,3.2783819885003407,3,0,Low,48.608090057498295
13.278346297470193,10.484253790905248,3.7208225496289593,1,1,Low,10.004155764504237
10.69048111823665,6.226291970136091,7.5982365842838835,5,2,High,13.55641148739733
1.9615844607303357,5.029309056404292,3.3882348242280735,2,1,Medium,38.05882587885963
12.15855166257078,5.252951340230311,9.520624466390027,1,0,High,0.0
6.824036775493191,9.126213330985129,7.379277689988003,2,1,Low,38.10361155005999
12.52373117651728,10.16779466505636,5.9742924257342,5,2,Medium,12.509881988742597
11.197973583262414,3.8161396775660266,8.808951605447525,1,1,High,0.0
5.9529890625692685,5.709410081577652,0.4960590834948275,4,1,High,60.0
0.3145703164816436,11.0194019674915,2.5706269218920874,3,1,Low,40.0
3.761483031389245,10.066935196947393,4.6503633422091,1,2,Low,61.7481832889545
7.582879005252137,11.848584027624758,2.2697853947152105,5,2,Low,70.0
8.868695077566063,9.542482596820808,7.439051873021519,1,1,Medium,13.461265247062094
3.6104275960648318,5.931952010279223,9.192080310537252,2,2,Medium,39.03959844731374
1.9509850370195378,7.906378339946378,4.2377011993092335,1,1,Low,63.81149400345383
11.689023315190187,8.610142542473202,3.4213260011189495,4,1,Medium,49.44825341845432
13.78163052984973,2.7845581631712397,9.615507321375663,1,0,High,0.0
7.359662552237602,7.444969591038651,4.448524328275409,3,1,Low,82.75737835862296
2.403510001876249,9.093208284726096,4.890484004492832,1,1,Low,50.54757997753584
3.8123025712711653,3.673213040010604,3.516498723419054,2,0,High,47.41750638290473
0.25746947166453427,9.806317174255572,9.095484730121385,1,1,Low,9.522576349393077
12.800183291846986,7.8377278051411166,5.689554832818508,4,2,Medium,42.551309376672535
1.6485151604619759,11.522217856975946,7.621745871816446,5,1,Medium,16.891270640917767
8.07123065719955,2.424222982068917,8.118067183508863,1,1,High,14.053510796457935
3.836773089620884,4.65326137555467,3.418490419172582,1,2,Medium,67.90754790413709
7.758492035221108,8.01553879299824,4.3369433132038,3,0,Low,73.315283433981
9.119885436926099,4.965599122059307,8.484717744062646,4,1,High,6.976984095056277
11.616385251900823,9.144241640712423,3.6325535167581027,5,2,Medium,28.755306156705373
2.889897804648445,9.59005282521931,7.939351334518513,2,1,Low,35.303243327407436
0.1539416012187267,3.0251596406647447,9.409923225744372,1,1,Medium,7.950383871278142
1.9163988209633018,7.138544642067677,6.23210373068007,5,0,High,43.839481346599655
12.600260985873472,7.088905555910559,7.416272874518889,2,2,Medium,34.91733069803819
12.234461085875214,5.69280770215541,8.05097312041135,4,1,High,0.0
8.363783430384316,11.32924862569672,8.450396488966426,4,2,High,20.929100403246288
8.407236046071148,10.275063198732212,3.9505333785679597,5,1,Medium,33.21115287680446
9.310513443647576,8.972093819096369,0.5126345917599817,2,1,Low,63.44743278176212
2.4551979007282942,9.143266357349976,4.018762712367395,4,2,Low,64.90618643816302
12.801767242949436,6.617161438131191,6.737562297840897,5,1,High,0.0
5.862787348489023,11.209945210965758,4.503503857807928,4,1,Low,52.48248071096036
5.363939395492965,8.945954272532854,7.489631508603986,4,1,Medium,67.55184245698007
7.2648478739597255,9.289810616558164,3.5698242946866388,4,2,Low,67.1508785265668
0.6575235348507706,10.616909037873452,6.347441411040295,3,1,Low,23.262792944798527
2.3279671625851117,4.7407158934219105,1.8641980485397458,2,1,Medium,60.0
10.332470629969187,10.07070903866703,7.493694366449569,5,0,High,0.0
1.1591813509517706,3.95240602956492,5.456959688130258,5,2,High,37.71520155934871
8.444129532529434,5.453419522448878,2.0406438854660056,2,0,High,27.779352337352833
3.4348875355384934,5.356104542698427,2.9191117349780726,2,1,Medium,60.0
5.450138596587672,11.785254683891406,7.4860870858183235,2,1,Low,37.56956457090838
4.041712314789798,10.565372237479268,4.826012356615207,2,1,Low,50.86993821692396
4.979418030509288,9.011698615902597,2.1603144039307223,1,1,Low,60.0
10.066642672579437,9.270567616153901,9.672711903702977,5,0,High,0.0
4.15970401872445,7.6207279440257105,7.15125019816888,1,1,Low,69.24374900915561
7.929664964156561,11.47090667108519,9.571348325397961,4,2,Medium,37.14325837301019
6.664705630787395,6.962587528823615,4.271050453603432,4,2,Low,63.64474773198284
9.291396315077074,5.8051770986989455,4.751003406917205,5,0,High,14.788001390028604
13.115616350546611,3.63035336931591,8.979552161850192,4,2,High,0.0
10.256009360943505,9.86205652261058,5.250493402453847,2,1,Low,17.467486183013243
3.0091653002705945,9.344439320755914,7.072789119056671,1,2,Low,49.636054404716646
0.4365638908579854,5.843550385241349,2.5217287749552995,2,1,Medium,40.0
3.671696620197551,2.2519341395922936,4.467264687026406,4,1,High,52.66367656486797
8.331091029803568,10.389973277180108,1.234498658103551,1,2,Low,48.34454485098216
0.7199613887795049,2.114179834540736,2.0598003587696168,2,2,Medium,50.0
6.949127460817309,9.03699779629051,0.00943415267631087,5,1,Low,60.0
8.355799884836449,11.70257109726057,0.3926505164866023,2,1,Low,38.221000575817754
4.679414471437451,6.376613281482035,9.772838231769294,4,1,Medium,26.135808841153533
10.792770852441507,4.349734049959528,2.4235369513676233,1,1,High,26.036145737792467
1.4923755438728052,9.048710100433818,6.633107095040019,5,1,Medium,21.834464524799905
1.0519289443013227,10.171281420155852,8.390996987996115,1,1,Low,13.045015060019427
10.194642586850447,7.464303160778473,5.506604592365642,5,2,Medium,56.49376410391955
6.9368784268867785,11.670352752561461,1.531445000839562,1,0,Low,50.0
9.637633549988305,2.5166872165796113,7.281164373361664,4,1,High,10.406010383250159
6.087582740452447,7.047955983045282,6.00251410099583,5,0,High,64.98742949502085
3.4496284653474953,9.1845394732255,7.312505893473751,3,1,Low,38.437470532631245
11.467432447438796,10.626404711491789,7.697466228570872,1,0,High,0.0
11.19182230556571,3.7925561190779007,9.754103676847452,1,1,High,0.0
9.725750591961974,10.000034817636815,5.7356328002670995,2,2,Low,27.69308303885463
3.810031921219478,7.527070757185452,3.4164111269060182,5,2,Low,97.9179443654699
8.26322933616722,5.965536819899632,6.484645569002371,3,1,High,21.260625474152047
5.053634557160375,3.3171502857909356,0.6844070924262613,4,1,High,60.0
1.282149026572878,10.652957589089125,8.973973183215863,2,1,Low,10.130134083920687
12.842390056471398,3.5727320817971533,1.1938101133819679,3,2,High,25.78804971764301
1.9154608328654597,5.097878592090993,3.2784283788581825,5,2,High,48.607858105709084
13.303322953491234,4.900455319624369,8.15745380626121,3,1,High,0.0
6.24408082141138,10.714140341908543,5.973123783307118,1,1,Low,45.13438108346441
2.591861003740675,8.72702994208898,3.936355202774421,1,2,Low,95.31822398612789
7.586613263297014,9.966813971913723,4.734356593750214,2,0,Low,41.328217031248926
12.221241702269715,4.50467898792499,8.545473932021803,5,1,High,0.0
10.251148409733856,8.248740996069989,3.400043860598921,5,2,Medium,66.7440386483361
11.291856070060296,7.717459831437487,8.696496848121713,3,2,Medium,35.05823540908995
9.222967133950043,10.32830376788271,0.8813443097669149,2,1,Low,33.885164330249786
9.691871903249934,11.060870604812605,7.767984372086307,5,1,High,7.700718623318796
11.88873912191447,2.1215677147738683,8.475476330547364,1,1,High,0.0
3.495352124028603,8.740199190587926,1.8181765283733875,3,1,Low,90.0
6.851949491003967,2.5183579911972904,4.303465323722005,4,1,High,53.48267338138997
3.096932185474431,7.488586650773559,1.6549977466365562,1,1,Low,90.0
13.827352111953058,4.876327290436782,7.066041289942177,2,2,High,0.5330329905238251
13.216830755612586,5.0677659952214125,5.353477680616567,5,2,High,12.148457818854236
0.5519753591590826,5.529585034523565,6.353233467083211,1,0,High,13.233832664583947
9.878052415219639,8.212924490496102,1.9648696695621115,4,1,Medium,60.609737923901804
12.953476443819321,5.340499656687692,2.117458620524195,4,1,High,15.232617780903396
2.5280548317826694,9.326990505902804,0.4149732550990637,2,1,Low,60.0
7.951233227736813,6.045273855738697,3.220675351957297,1,1,Low,58.896623240213515
12.816836166232585,2.683532003099586,5.59744661333675,3,1,High,2.928586102153325
0.4752437002011838,9.837598424841072,8.579349139973289,1,2,Low,22.103254300133557
9.763883741455759,4.85758324592706,6.669274474586807,4,1,High,12.834208919787173
4.162886103215711,6.3276687959926265,4.353963233997514,2,2,Low,63.23018383001243
12.941546735271425,8.854438832219016,9.531201143941377,2,2,Medium,22.636260603935995
13.594815432315148,5.32456157148712,7.192452005758319,3,0,High,0.0
13.219730847588075,2.5658565614671565,9.301652028625501,2,1,High,0.0
6.638999033204493,5.7392104701281355,5.2758797327216564,2,2,Medium,58.620601336391715
12.068597113850387,11.444485826943033,2.589042747931396,2,2,Low,29.657014430748063
11.823691579490985,8.417343972985583,0.5282668636472199,2,0,Medium,40.881542102545076
4.467406625405578,8.71479148667207,7.260848514838505,2,0,Medium,58.69575742580747
11.604816638109483,8.322821536376399,1.2130299800553412,4,0,High,41.975916809452585
0.5181068860168967,3.989921389594368,3.027751282719672,1,2,Medium,49.86124358640164
8.347778298748743,6.183338641022801,5.324709078838974,5,0,High,16.637563112061414
3.220123722027843,9.509397983633182,5.644165877797477,2,1,Low,46.77917061101262
1.6879364008819033,3.0137289755315915,6.005831969871361,5,2,High,34.9708401506432
1.0773448228089282,4.778527760897123,1.6625533034970064,5,0,High,30.0
9.748042862293957,4.763191084658536,3.7973740482164873,4,1,High,27.27291544744778
4.758249492752926,6.32018927594506,6.171942271169667,2,1,Low,44.14028864415167
10.14673480140266,11.803687409421851,9.698188646337847,5,2,High,5.775382761297465
0.9149887711851932,2.6750254668382194,7.276311376996887,2,1,Medium,18.618443115015566
4.414064729628545,7.1870099438059505,9.226037570939578,3,1,Low,58.869812145302106
7.552878093254721,3.7936468201221043,7.62212058314177,3,1,Medium,36.88939708429115
11.07012430774549,11.706765454097441,5.917169688924004,3,1,Low,10.063530016652532
4.462535041048978,3.133035047274642,1.9202336913634455,5,0,High,50.0
8.762479270118128,6.036010023615912,6.6668565189251305,3,1,Medium,17.85332105478371
12.40368847530662,9.378849848346063,6.233795659599071,4,1,High,1.812579325471546
8.622084634552264,9.045544280274452,6.024691704572664,4,2,High,31.766118304375357
3.2614326465508725,6.227286368939323,4.8978586798824075,5,2,Low,60.510706600587966
0.3416109417915323,5.465241679527182,5.286566039892756,2,1,Medium,28.56716980053622
12.181384234613018,5.9761237855287055,3.3444252711810405,1,1,High,17.370952471029703
0.29777175190541993,4.642762631586393,5.193126926423032,2,1,Medium,29.03436536788484
12.24582341757879,4.053329387067998,1.9755590567847825,2,2,High,28.770882912106046
7.405119876380968,6.8303969755889,8.051743973603768,2,1,Low,34.741280131981156
13.146947779180547,4.685337560676073,1.857769546987078,2,1,High,14.265261104097267
11.182965300831315,4.874616648972501,0.8496628988946642,1,1,High,24.085173495843428
13.971077547466724,8.56756063474557,4.362460263571574,3,1,Low,33.33231094480851
4.909965416323942,11.685373316998922,6.583074395060619,2,1,Low,42.084628024696904
10.740636045035776,8.036372005593751,4.377168249335414,4,1,Medium,49.41097852814405
5.62703279052939,2.769794670649663,2.767541319513086,5,0,High,50.0
6.718258684254724,2.75583613854067,5.581711838904408,5,2,High,57.09144080547796
8.785076485057182,11.51423220845566,3.4700233541219996,4,1,Medium,33.72450080410409
12.231479598608743,4.972907903073336,9.32867690126633,2,0,High,0.0
13.777168568790131,2.9206698608247543,9.22645139603572,1,1,High,0.0
10.755827794103254,7.990445871503816,5.023718199720955,3,1,Low,46.102270030878955
5.848734950342672,8.23648778290266,3.278839940182585,5,1,Low,88.60580029908708
5.898998031878983,8.485048201186881,7.371324139566391,3,1,Low,68.14337930216804
10.326152222244481,4.674020278575413,0.3671294348306664,1,1,High,28.369238888777595
3.3428800407562327,2.1511068421447503,4.747690060436512,5,1,High,51.26154969781744
1.5466375838395252,11.650153694544718,3.363233942703335,3,1,Low,38.18383028648333
4.964710206970872,4.508930456911025,9.205358851025547,1,0,High,18.973205744872264
4.021345883157144,8.760262880525476,0.12003027272682543,3,2,Low,100.0
4.148313686383862,9.066298698787095,5.528148757183491,2,1,Low,47.35925621408255
3.270508514698739,8.100074170794857,7.40663581066626,1,1,Low,67.9668209466687
0.5893046549090664,5.129073942136483,4.850179875240412,3,0,High,20.749100623797936
0.25023508626779334,4.710962537640658,0.8540303016272166,2,1,Medium,40.0
13.828113456304441,7.976682827027031,9.724613900279023,2,1,Medium,7.236363217082676
5.988823872302072,10.660956336116914,5.180104313760979,1,1,Low,49.09947843119511
5.380573060235544,11.467337289233956,6.141862443190114,4,2,Medium,54.29068778404943
9.515061957702978,3.0590580440375765,2.366097827075073,5,0,High,22.424690211485114
3.0555544301108983,3.5482861259771985,4.834980851068038,1,1,Medium,50.825095744659805
13.299456575303154,11.447362587830796,4.291494919583219,2,2,Low,17.04524252556814
11.008830201817728,9.365352283347926,0.7489584200198374,2,2,Low,34.955848990911356
1.2517540323716332,10.829938248297731,1.0616035354746722,1,0,Low,30.0
5.846130860988997,4.026326341353432,8.374725196187745,4,1,High,33.126374019061274
12.307656305870307,7.875858711094018,2.3981995220659025,5,1,Medium,48.461718470648464
13.226248312079743,9.011395944174737,1.9495827149863054,3,0,Medium,3.868758439601283
6.543621157498176,8.801118854469726,5.049114512501393,1,1,Low,79.75442743749304
8.587759448949909,6.081516908666981,7.68747131362513,5,0,High,3.623846187124805
2.338475245289053,2.1539489169130848,0.6194651857898792,5,2,High,70.0
13.87636076591767,7.829260568042631,5.768079196382558,2,1,Low,26.77780018849886
3.2434038193682078,4.531015391796087,1.1921044284057336,3,0,High,50.0
13.198244837891759,6.502542461428903,0.3646105082561846,1,0,Medium,4.008775810541209
9.09505308589316,11.575810150838173,0.5274395216221739,2,2,Low,44.52473457053421
8.508315128304028,5.990353176424347,8.341641082084413,2,0,High,0.7502189480577925
7.17763915423112,10.398016066644267,1.1797248362806156,4,1,Low,60.0
3.229377364048622,3.8854060574925113,0.4515136441229195,5,1,High,60.0
2.4713924480771157,8.724604980250287,4.378998871429123,1,1,Low,83.10500564285438
3.086806926982455,11.770069544389434,8.439934719420247,1,1,Low,32.80032640289876
2.610135670019563,3.0189310087293677,2.6240837648930193,1,0,High,50.0
10.914182629934546,2.08319942227192,4.217126175259164,2,1,High,19.343455974031453
4.901753628334221,6.335827926326143,0.39922532563751223,4,0,Medium,50.0
0.8097974718875491,2.926254830513672,4.490785141348759,3,1,Medium,32.546074293256204
13.56743682197136,9.483843496762313,5.776130806371337,2,1,Low,0.0
12.37300238948796,11.14548663848559,5.709070537521448,3,1,Low,4.5896353649529615
12.988531964732982,6.340209727087588,3.324266921743652,4,0,High,3.4360055676168333
13.928709517050095,4.587116421554409,3.155331806631355,5,1,High,9.57979338159275
2.4345334890728223,6.344033190066098,1.0662361893659789,1,1,Low,60.0
5.547388264637222,9.23447817850001,3.667983206462684,3,2,Low,66.66008396768657
10.615338659857278,2.09054161580371,0.9949466887296465,2,1,High,26.92330670071361
9.744288652753092,7.894539894846972,7.665959447120516,3,1,Medium,37.948759500631965
2.154542688757971,8.13291684887379,9.662742977481859,5,1,Medium,56.68628511259071
11.42166374986865,8.376882468959355,9.700744566667069,1,2,Medium,29.387958417321407
3.1421680057132493,4.420220799808773,8.650710993753938,3,2,Medium,41.74644503123031
3.1334466075167233,9.140527233781267,6.007921493396191,5,1,Medium,44.960392533019046
7.51764192050779,2.913914863317764,7.008656972438799,2,1,Medium,39.956715137806
8.301159087783844,3.9927033646680083,2.8520580268041407,4,1,High,38.49420456108078
8.121206909729356,10.77470046654482,6.307704201726207,2,1,Medium,22.85544444272219
1.2808157235685682,9.387231507265664,4.556495494398774,1,2,Low,42.21752252800613
12.284452076825325,2.1374555401134527,4.8201733977693255,2,1,High,9.476872627026749
3.718400596241885,4.483762603698002,7.57776560375158,2,0,High,27.1111719812421
1.8132088979592584,4.144064829931645,2.8191835559725167,2,2,Medium,50.0
12.442473118165681,4.708063280369726,3.180396116945199,2,2,High,26.8856538244456
13.379120975216548,4.475597702798864,9.246417911286366,1,1,High,0.0
12.069786641716309,2.6252629574284576,0.5622429485097225,5,1,High,19.651066791418454
11.333225046148293,6.589405165968204,4.856342984133404,3,1,Low,14.052159848591517
9.173387728946304,9.327334747861652,9.128008004078618,4,2,High,13.493021334875394
7.71200318852795,8.067317247174364,6.10363007818157,3,2,Low,84.48184960909215
1.217814638759742,8.728716685980798,5.46407074212132,3,1,Low,57.679646289393396
5.718344982989782,2.8114917853623913,2.497441792293552,4,1,High,60.0
5.217639238172396,11.514907101767871,3.4327548906444827,1,2,Low,67.83622554677758
3.6365529726445667,10.384918338430248,8.52048415804693,4,1,Medium,32.397579209765354
10.12788159164019,10.050903184956628,5.592181317684581,1,1,Low,16.399685453376147
6.942260291102791,10.229838050417674,5.147421937567799,3,2,Low,59.262890312161005
1.134647022707071,11.327105081327613,0.9957971354002892,1,1,Low,40.0
3.0825648272973587,7.442539661136977,0.16028156455123121,5,1,Low,90.0
9.565622691234342,4.002820178676259,9.636851886870492,4,2,High,8.987627109475838
1.0658320328642026,8.167836078525411,3.7698616728684167,5,2,Low,76.15069163565792
11.916896796682762,9.42881493667939,6.032130620995043,3,1,Medium,5.254862911610971
6.9320513781956405,9.379173933540255,0.7971507318728499,4,1,Low,60.0
6.728212082573072,7.214490241668801,6.831142857230466,3,1,Low,70.84428571384767
8.293708985233247,2.6845871933357808,9.325667087059609,5,1,High,6.903119638535728
11.545533522952088,5.7111293843012785,5.756652529974197,3,0,High,0.0
4.869328910630703,11.207666084633573,1.2611532237541057,4,2,Low,70.0
9.49222613582689,7.84448909757426,5.817215274734767,4,1,Medium,48.45279294719171
7.920247495941075,7.383319432557134,7.6634721310465235,3,1,Low,66.68263934476738
3.7383957823718985,4.688535143821936,4.064165365740187,4,1,High,54.67917317129907
12.300819808972212,5.684489199165789,8.798377479414679,4,2,High,0.0
11.163964302496993,10.953460891531693,6.486829533573645,3,1,Medium,6.746030819646812
9.218325685217957,8.664630475268357,8.992489182892026,5,0,High,23.945925659450083
11.908144207319387,9.873870267523328,6.235053112473372,4,0,High,0.0
12.142118813437232,6.543454230676551,1.3128797200482423,4,1,Medium,19.28940593281384
9.917081674010486,8.30247219456158,3.096917111051891,4,1,Medium,59.93000607468811
11.718186597091409,4.483836087432075,2.0179494825245694,4,1,High,21.409067014542956
9.764600463369971,9.054608302834863,9.088264977168624,3,1,Medium,0.7356727973070214
9.521970804644205,6.276013337033373,7.604000672874827,5,0,High,0.0
8.66055929501258,6.4254551481474556,6.76398368910006,5,1,High,17.877285079436795
10.538032953806978,8.493223245768817,3.009663196316217,1,1,Low,57.26151924938403
2.220471474103032,11.362806214689266,1.8404477205021352,4,0,Medium,50.0
12.332190628784998,2.6400634660862092,7.564510879889118,4,0,High,0.0
12.205809388433249,10.247432373470076,4.741579458790797,1,0,Medium,0.2630557638797715
0.40946196248382805,4.923831104121931,2.257895521506291,5,0,High,30.0
11.561434507906677,6.439194545063778,6.166219781652751,2,1,Medium,6.361728552202861
1.8041781446282328,2.21913328775009,0.40333852138451975,2,0,High,30.0
4.691663959627986,5.0104607783431305,3.261702541282535,5,1,High,58.69148729358733
10.409115588082509,7.026312426301304,4.685569945911347,4,0,High,39.526572330030724
2.250638544676315,2.56176077347439,1.4795833410940584,2,2,Medium,70.0
11.451538337666872,6.910957293831651,9.846544775908395,3,2,Medium,0.0
11.649878491408387,11.271106288584273,2.0909736458961428,3,1,Low,21.750607542958065
7.104548272651707,3.053932181078052,1.3035313004326554,1,1,Medium,60.0
0.08940220403567012,9.644407280755043,2.035348738868964,5,1,Low,40.0
4.018533864448779,6.096710533759927,7.690611331597243,5,1,Medium,36.54694334201379
8.636976857260391,8.551737145243381,4.255056592718428,2,0,Medium,50.53983275010591
13.73660649238393,4.602365979852293,5.65415939752538,4,1,High,0.0
8.845389378233357,3.5949226254135827,0.21009156986360744,5,1,High,35.77305310883322
3.6372501348982373,3.6046261427122643,0.34431308573314556,2,2,Medium,70.0
8.876079843394558,2.7049194564314467,4.458255498270161,2,0,High,18.3283232916764
7.559795316021977,3.85646704901243,8.166552432016235,5,2,High,44.167237839918826
10.91783553211601,8.642193849889683,8.852388787075652,2,2,Medium,36.14887840404169
1.4977289435774177,10.81690611843508,0.8670656759564022,1,0,Low,30.0
10.654390635028392,10.141256855911617,5.383631021010228,1,1,Low,14.809891719806902
7.577732101465544,8.851343098744842,9.132296862792705,5,0,High,49.33851568603647
13.481888054025925,3.104318634111027,3.8797275439788637,4,1,High,8.19192200997606
4.786210324541605,4.891874462959498,8.295658314283687,1,1,Medium,33.52170842858157
8.856706503875273,5.098068753224689,1.336956543994362,1,1,High,35.716467480623635
13.048393477140245,4.499569463976212,9.353944896677987,5,1,High,0.0
1.4351361918695096,7.150056597097231,7.514233175313026,3,2,Low,57.42883412343487
13.121198821310315,7.355538148796725,9.413343927869017,2,0,High,2.327286254103342
9.630400112211387,5.568859751711102,6.766172335525065,1,2,High,23.017137761317745
0.9497188274724067,5.53789158736436,3.6340393199942698,3,1,Medium,36.82980340002865
4.213489937255428,10.285555979060813,9.381811725247225,4,2,Medium,38.090941373763876
9.914409241033942,9.892928483196856,2.7556677630917847,3,1,Low,30.427953794830287
0.9429084205628038,5.0779583168074565,3.321725220617325,5,0,High,28.39137389691337
8.150386442467825,11.137884438732593,7.008084180017403,4,2,High,29.20764688757386
4.842362797341394,11.52815017002506,7.6531629952538625,4,1,Medium,36.73418502373069
8.69281724874468,5.267425420300408,9.294034838491537,3,1,High,5.065739563818912
0.6403884733751799,5.544249487930548,2.048024090562095,5,1,High,40.0
12.201515286133269,7.056341534219588,7.979980352192239,1,1,Medium,24.092521808372457
13.628845568483557,11.411208125336735,7.385460533969635,3,1,Medium,0.0
13.564289973999681,10.763194331423115,0.6379455625359787,1,2,Low,22.178550130001593
10.495125644400947,3.025679625835898,3.8722314121020696,3,0,High,13.16321471748492
1.8212073618288476,5.927307432714162,2.827654570600986,1,1,Medium,40.0
10.615684743006316,7.533711897497718,3.044904243540304,3,2,Low,66.6970550672669
0.34421683042322115,7.0313247255154,9.829468795547008,4,0,High,25.85265602226496
0.30972972140596156,3.9386306793689267,6.427774134799279,2,0,High,12.861129326003606
4.530543068093578,10.588167711681546,7.176761577934996,4,2,Medium,49.11619211032502
6.84100466566532,8.769407829968374,9.766176373150092,1,1,Low,56.169118134249544
10.785703849309105,10.379083748518037,3.7720178245763867,5,1,Medium,22.211391630572543
9.566135272491072,10.587642793494721,8.01840168452806,4,0,High,0.0
6.2426378892744765,9.483558536657398,4.345309633044954,2,1,Low,53.27345183477523
3.830773327943322,6.392106012497173,8.695336718149797,1,0,Medium,21.523316409251017
13.959743002207956,8.105467550154245,1.8065754131130318,4,1,Medium,40.20128498896022
5.9665382313036215,3.6036540611974317,9.476861770642795,3,2,Medium,37.61569114678602
6.3194183406154565,8.736454174749078,2.1877170841087965,5,1,Low,90.0
2.2907334966833686,3.7925325573928075,3.2622050698093155,1,1,Medium,58.688974650953426
11.12733368249901,8.939495905101568,7.561922341067805,4,2,High,41.55371988216592
9.711551160940841,4.295981607539686,3.9375514156540667,1,1,High,26.75448711702546
3.0907745790426455,3.1755130015021997,6.082113767664467,3,2,Medium,54.589431161677666
1.1533346386217977,3.6528449014295745,4.4457350106942854,2,1,Medium,32.77132494652857
9.526990229045984,2.0199213521907025,7.423699370897818,4,2,High,20.24655200028099
9.163156999935893,9.187396178535302,2.2833125236861083,1,0,Medium,24.184215000320535
3.8256333779749303,9.324010490583792,0.5845798723687701,1,0,Low,50.0
13.312089871505744,7.149333499132594,2.999293974730662,1,1,Low,43.439550642471275
2.1148104849326033,3.613628010553837,4.743086648684303,2,1,Medium,51.284566756578485
6.052687214596427,2.8355433751068975,1.6802005219267857,1,2,Medium,70.0
13.210622882346385,2.19128966437287,3.547972896563887,5,1,High,11.20702110544864
5.8761824369657125,3.657481769652207,3.9998301829356855,5,1,High,55.000849085321576
8.939363267297198,10.908555349831467,0.5739184368827355,1,2,Low,45.30318366351401
5.56632157147912,4.4153684170168175,5.833072481842045,5,1,High,45.834637590789775
3.83901283288138,5.542713272172157,8.843434279712875,4,1,High,30.782828601435625
13.775687071437595,3.0534548448133316,1.5174291295305242,5,1,High,11.121564642812025
5.730676088410602,4.223613047481702,5.978080134015141,1,1,Medium,45.10959932992429
12.517388851507881,7.192245707802051,6.647392049108463,3,0,High,19.17609549691828
3.2193644824752066,8.077526830956526,4.193346804192883,4,2,Low,94.03326597903559
2.9834658563511662,4.45352314166211,7.0109758736427,2,0,High,29.9451206317865
0.43587716038315905,2.577321592251172,4.10731543491012,1,0,High,24.4634228254494
9.12333555526239,5.910328691273986,5.046372879774349,2,2,High,34.151457824816305
5.159368812132656,4.342033709263341,0.0735304455442698,3,1,Medium,60.0
12.101015497754918,4.195539232298019,6.917201141346888,2,1,High,0.0
6.6249386936818,11.598628027134552,6.613426789447244,1,1,Low,41.93286605276378
13.554707990806104,8.16300485925724,0.3840087732634456,1,1,Low,42.226460045969475
2.597357219843696,7.5687844317209585,3.6825010739513306,3,1,Low,86.58749463024334
12.160724351378551,6.157751035233219,9.790318407916674,1,1,Medium,0.0
10.872355939084384,6.289443334301443,4.207365625686168,3,1,Low,19.601392176147236
10.792905825016728,7.4090500383808084,5.019454051318418,3,2,Low,55.93820061832427
11.826965193636427,8.964298070361073,9.099301581597185,1,1,Medium,20.36866612383194
10.654335873201985,9.021460961818294,7.172618758657564,5,2,High,15.865226840702253
8.767084502839815,3.7169390770544957,5.820701311242235,3,0,High,12.06107092958975
1.837428287553426,7.0011275207662695,7.978046813410725,1,1,Low,45.109765932946374
0.45536651287752683,6.119580950341019,8.643662664559733,5,1,Medium,11.781686677201336
12.891869869419615,10.705269662693842,4.568880717372669,3,2,Low,17.69624706603858
8.633104403290332,8.314189212183765,4.751083649318354,5,0,High,48.079059736956566
11.151522073666468,7.325040664159818,3.860509356518358,4,1,Medium,49.939842849075866
6.741312921175701,3.1539464217891737,9.667061400184606,4,2,High,36.66469299907697
1.6423146454735227,8.056378893234115,6.971662542903504,5,1,Medium,50.14168728548248
1.7526010908357061,3.1720390568023342,0.8322306620807229,3,2,Medium,50.0
9.597914021205598,5.372065755657521,8.629596233130185,1,0,High,0.0
6.024282528592478,3.4284196481433185,4.8055994083626805,2,2,Medium,60.97200295818659
2.807346173804714,8.920736470243689,0.6875390642248747,1,2,Low,100.0
6.882323654380116,4.062521138361526,5.497172551633111,2,1,Medium,47.51413724183445
0.8989251190518772,5.91859373188026,4.171642789757021,2,1,Medium,34.14178605121489
8.147599626801583,10.956747776187786,8.777494048626249,3,0,High,0.3745316228608466
3.7659076620913674,4.043163833989703,2.0399460360938737,5,2,High,70.0
11.165827408920634,7.078050639587791,8.26464609492183,1,1,Medium,27.84763248078768
4.345067424930033,6.19271661166022,5.576886911854527,5,0,Medium,37.115565440727366
6.3730820871452165,2.1812404104572973,0.5461030321346905,4,1,High,60.0
0.1626875587134089,9.927581135728127,9.718453013254846,3,1,Low,6.40773493372577
1.0142564291238243,2.6904590631459975,5.126152441032,3,0,High,19.369237794840004
5.494909789693588,6.7425502097695365,2.908768542315825,4,1,Low,60.0
6.719143686039729,7.606782949389499,4.694068419892581,1,0,Low,71.5296579005371
8.400287673670253,8.28426456614587,8.57857783517489,4,1,High,40.10567245577429
4.083276101930245,8.886316293078757,3.049031243850635,1,1,Low,89.75484378074682
9.729746405771596,4.53272383522715,1.9267639648670032,2,1,High,31.35126797114202
12.041713560648864,2.0997877665844937,1.2907124693088146,3,2,High,29.79143219675568
10.917913844506897,9.23443662354912,2.9785939839021127,1,2,Low,35.410430777465514
0.554663554877,7.356565993475786,7.800480870400435,5,1,Medium,45.99759564799783
6.727097261609606,10.361177032072488,4.716263651952617,5,0,Medium,41.41868174023692
1.4690224978544482,10.213883629006943,2.2748160369354,3,1,Low,40.0
3.388630222075385,10.433261677878832,1.661849996097492,4,1,Low,60.0
13.81327630574005,6.850946599795401,3.327294765103791,4,1,Medium,9.297144645780794
1.9949376006211852,5.336283958368656,9.399243728857089,1,1,Medium,8.003781355714558
6.984434148318985,9.9155820259137,3.4302671259002437,4,1,Low,57.84866437049878
8.654180280453668,6.51294113029255,9.881240759546353,3,2,Medium,12.3228947999999
9.834509587617456,3.834421964034345,4.852304557653562,1,0,High,11.565929273644915
7.835081568816797,10.549740195614744,1.7916391829015088,2,1,Low,60.0
0.13679186386857123,10.825598767723474,8.911400917935094,4,0,High,0.4429954103245315
4.570458315415887,6.663097561401701,4.603553731348269,4,2,Low,61.982231343258654
7.24796300738596,2.7569972730978747,7.0967134350452445,1,0,High,29.516432824773773
1.230130988027667,5.878260899169312,9.837115832091518,5,0,High,0.0
4.90877703692853,10.035376594626033,0.50175350319974,4,1,Low,60.0
0.4648435230791319,11.017740285462287,0.9669455978756714,3,1,Low,40.0
1.1000989601702904,4.034727424975959,7.204567414627562,4,1,High,18.977162926862192
5.556925866822345,2.6697361202527152,2.8182500329547198,2,1,Medium,60.0
1.858020556602845,10.773504531328387,1.8430139695009906,4,1,Low,40.0
7.945571875661814,5.894049389788753,0.39361879819729495,5,0,High,50.0
9.65250956792172,7.417609642675632,0.21846711986201806,4,1,Medium,61.7374521603914
11.20821378752716,11.680658120507589,7.744856031197909,1,2,Medium,10.234650906374654
2.8021034194273415,2.6656472791422283,1.3443342736955,4,1,High,60.0
2.3447561516269766,8.483180074520956,4.677206159711509,5,2,Low,91.61396920144246
1.4639497646816035,2.7410542257486705,6.05896815179483,1,1,Medium,24.70515924102585
8.910023493610915,5.7546892846650035,4.283518005688462,3,1,High,29.032292503503115
9.890660170816616,10.038145451934467,0.27106652336233106,1,0,Medium,20.546699145916918
0.4422060275589885,6.334722327556344,7.8350150258790885,2,1,Low,15.824924870604558
13.106971447411658,11.971823539029504,0.10513224541653488,1,2,Low,24.46514276294171
0.7275979711206138,7.590592849466022,7.61889894377484,3,2,Low,56.9055052811258
7.5781486942149865,5.211621526359535,8.933044937881228,4,1,High,30.334775310593862
9.92684727231283,4.201113259047531,4.328399210571723,1,0,High,13.723767585577235
12.193567732445198,5.505205342861618,5.355424730977982,1,0,High,0.0
9.997217049853989,5.725332737595508,4.7698339261765375,1,1,High,21.16474511984737
11.224193162977086,2.6871367772396098,3.892086186234388,1,1,High,19.41860325394263
4.752302695599285,5.695741994267731,8.874245353703603,3,0,High,20.628773231481983
11.40755159245117,6.642385197392249,8.939335106699906,5,2,High,3.2655665042446174
1.121607849385452,9.227377522388046,3.3581636464153455,5,1,Low,38.20918176792327
12.527433184847387,8.567294847216079,6.15069754014698,1,2,Medium,41.60934637502817
7.666293266152307,9.087656552291543,9.269075621458642,3,2,Low,38.65462189270679
11.442168779474912,2.083636818768571,9.620584989413516,3,2,High,0.0
6.332455983256202,4.176673995805361,5.089590404220475,1,1,Medium,49.552047978897626
9.01008773275135,8.616842883998565,4.528248052843268,2,1,Low,57.30832107202691
7.369637253105585,6.839893681797472,2.786943159285258,1,1,Low,60.0
10.242253304574646,2.0531347566834595,9.5887187319041,2,1,High,0.0
1.142819748428254,10.044946424318223,1.4281430447286736,1,1,Low,40.0
0.8449291758678932,9.728095732903373,5.7982957604772505,2,2,Low,36.008521197613746
3.45944527614205,7.484191629935626,2.8255026751863888,2,2,Low,100.0
2.233625521584637,2.664633257762721,2.790082903477966,1,2,Medium,70.0
12.204969932290824,9.665150495325847,4.049685873761884,2,2,Low,23.72672096973646
3.0689958230126204,7.8371358773136395,9.987929358156546,4,1,Medium,55.06035320921727
13.662113581467839,9.819599771579592,0.5496630683982207,5,0,High,1.6894320926608053
4.716541084795496,9.517469923958405,5.785418182035315,3,1,Low,46.072909089823426
2.5496508196417897,10.03002071957837,0.8257215803527718,2,1,Low,60.0
11.055779099994709,7.1800806640462485,1.5452082999051897,2,2,Low,64.72110450002646
9.221908857012266,3.4032451819351497,4.395629417728987,3,1,High,26.912308626293733
6.974740030343946,8.711574733796887,5.104601313464413,2,1,Low,79.47699343267793
7.775089713126837,8.204737850519706,2.58792408364524,3,1,Low,90.0
10.068824895811694,9.422531871990872,3.164571308744162,1,0,Medium,18.833018977220718
3.198366378638182,3.698810060507353,0.8696702025593306,4,1,High,60.0
13.948674824794388,3.949751999002892,3.0321978384425052,4,2,High,20.095636683815535
13.647104270054964,10.904095172193285,9.66558439380544,5,0,High,0.0
9.104559608857116,9.499777984520708,9.447073816724817,2,1,Medium,2.2418328720903347
2.7935943130080316,11.08228488700323,3.34878290136985,5,1,Low,58.25608549315075
9.523195394038078,9.587153211639206,5.708539362787616,1,0,Medium,8.841326215871533
1.0107777257084618,7.971553059903019,9.095953911109444,4,0,High,29.52023044445278
0.4291350308812849,8.541327370278736,0.061838226408966745,1,2,Low,80.0
3.6075604391569915,10.891279239400099,8.106835703375918,1,1,Low,34.46582148312041
6.476721394350428,7.7880675451194055,9.48369552788919,2,1,Low,57.581522360554054
12.155815075717328,8.323913243283874,0.9132573433355706,1,0,Medium,39.22092462141336
10.180366976728312,3.5647671600360056,1.6144768603292103,4,1,High,29.09816511635844
10.397891296799735,6.739212201161028,9.607463027713553,5,1,High,0.0
5.956906682273055,9.163971119580989,5.375401436403463,4,1,Low,48.122992817982684
4.843089895657481,4.709426983163654,0.14196634471723701,2,0,High,50.0
5.194542681784438,4.022541805245349,2.5763199876352916,4,2,High,70.0
13.82709389230481,5.1382680822441555,4.499436742688596,3,1,High,3.367346825032973
0.5615286797747547,4.415006279928335,6.929089110247677,5,1,High,20.354554448761615
12.13844094571428,4.149126370363959,7.3316037813679955,3,1,High,0.0
8.101455720013508,6.24850842868087,9.95421512925456,3,1,Medium,4.721645753659658
6.140615868654266,11.07838513883534,2.8751119938375904,2,2,Low,70.0
10.15360724581191,7.070596467387183,5.382201018684753,1,2,Low,57.320958677516685
6.81336517994584,3.87920380815323,5.33323547859605,3,1,Medium,48.33382260701975
12.227925333143247,2.769716693808741,4.0564525944723755,4,2,High,23.578110361921887
12.609826096157619,8.961561451379252,1.691618938424202,1,2,Low,56.950869519211906
5.904092976228376,5.827987644363878,9.774565631838426,4,2,High,36.12717184080787
3.875589161290722,10.218309465853594,8.53317186666586,4,1,Medium,32.3341406666707
8.292904600307072,8.595107686407701,4.983330282942372,1,1,Low,58.61882558375278
12.773086838633674,9.962414505413685,6.032454226840298,1,1,Medium,0.9722946726301416
2.949270646079332,4.7194603941844875,2.2726105355966233,4,2,High,70.0
8.721532169888759,8.92358922461058,5.4378707039174685,2,0,Medium,44.20298563096887
8.841843081295288,4.640619846937188,6.949701331214758,5,1,High,16.04227793744977
10.263582313813934,11.390684794502915,5.151670283865888,5,1,Medium,17.923737011600885
1.8419475917816373,8.363742815333744,9.902851705849413,2,1,Low,35.485741470752934
10.02154950554924,5.245118001753421,6.113416562477262,1,1,High,14.325169659867491
12.726455289318974,4.695118622922727,3.7097371259216905,4,2,High,22.819037923796678
2.5155635241833876,3.909265850716435,7.721520276158381,5,1,High,36.392398619208095
3.325606548934287,8.946409588937279,1.7046251158164205,4,2,Low,100.0
13.599531316582954,4.1871561299792734,3.8451581370626653,2,1,High,7.776552731771902
2.5336773379328568,7.953032659274891,3.4695895037758584,4,1,Low,87.6520524811207
11.961391307174107,4.646350269253573,4.318070951077773,2,1,High,13.602688708740601
6.891889990272487,8.619689447938686,7.8177982592872635,1,0,Medium,55.91100870356368
3.4612350416444784,10.149397285405392,4.841730321634074,2,1,Low,50.79134839182963
12.190498617815159,9.780252431446531,7.940144502659628,2,1,Medium,0.0
6.234273570037317,9.608513309307817,5.764889031398659,5,1,Low,46.17555484300671
7.2074429550156625,3.877224056922521,3.4206943465755533,4,2,High,67.89652826712224
5.02926717159672,2.8838494698451873,8.099787436834724,5,1,High,34.50106281582638
8.301311920088985,8.989488284873856,2.382896705530916,3,0,Medium,58.493440399555084
2.2893342161903187,5.683472137943513,2.2438297979979547,2,0,High,50.0
5.47514151312465,6.3234622640334734,5.045029240548358,3,1,Low,49.77485379725821
13.571772512694025,2.3114909279339106,2.608492459620889,5,1,High,12.141137436529874
3.6138680578157856,4.595764492750492,0.09087034951216322,4,0,High,50.0
9.194313303578092,2.33676403874464,6.482975272988015,5,1,High,16.613557117169467
4.552660899145728,10.791857726012477,5.11093821472398,4,1,Low,49.4453089263801
10.828623759612409,4.4339668321853045,4.455178144931612,4,1,High,18.580990477279897
1.8322312500568976,7.5733716957300805,9.669685146183154,1,2,Low,46.65157426908423
13.577494631099626,2.389793206611304,5.711991839629137,2,1,High,0.0
6.3530535793709495,8.66847391305658,8.634315777893844,5,1,Medium,61.828421110530776
3.3047064868504954,5.230273457540939,1.3945023620516017,4,2,High,70.0
1.0289544626201772,10.979191869576658,5.692064631294277,5,1,Low,26.539676843528618
2.3766106712255706,10.881181889340358,8.67979626730903,5,1,Medium,31.60101866345485
7.2768352797842475,5.252906183617478,5.83105757279898,4,1,High,45.8447121360051
4.718044470038008,11.009608956904678,7.180141781270015,3,0,Medium,29.099291093649924
11.604367122356532,11.961576734987789,3.7204356781220738,2,1,Low,18.37598599760697
6.032425331265284,10.254156641239481,0.9244951703706661,2,1,Low,60.0
3.4819998162268186,10.448713477552289,4.579002951270715,1,2,Low,62.104985243646425
8.64002981245642,4.490087361090899,3.9447939083885752,1,2,High,42.07588139577502
9.894881036396242,7.767023988577563,8.670601823789474,1,1,Medium,32.17258569907142
2.3385867106132983,2.6725591396736785,2.4399530235247227,2,1,Medium,60.0
2.3466690280364473,2.949179368216697,9.66734227535108,3,1,Medium,26.663288623244597
0.5133999770696016,11.988926120332906,9.581381198044962,2,1,Low,7.093094009775186
10.309628210918968,5.26639249425911,2.476316430714387,2,1,High,28.451858945405164
9.293263386705272,9.481839120488464,3.480519554773205,2,1,Low,31.13108529260762
6.644832260497394,10.066650530268165,8.95555740873885,2,1,Low,30.222212956305754
11.81838628556876,10.580232710072291,9.666222208961075,3,0,High,0.0
11.279382141300744,11.976282974021565,4.434391028360441,1,2,Low,26.431134151694078
8.19496110155453,4.414964852568678,3.2099704564089784,5,0,High,27.97534221018246
12.15579792718562,2.403508268596997,5.260940132515421,1,2,High,17.916309701494797
2.8817769405147553,6.11191517994586,6.8776920636573475,1,2,Low,50.61153968171326
1.5668746715681903,3.3008066982894695,2.734745153749798,5,1,High,40.0
3.776494561237855,2.2242588916205515,7.364731746190728,2,2,Medium,48.17634126904636
0.7992159852504079,5.6042682714148615,0.5165735711464103,3,1,Medium,40.0
7.436373392014448,9.837382510752365,0.4929449276441644,3,1,Low,60.0
13.112479692129462,7.661806912250709,3.8628770514554525,1,1,Low,40.12321628207543
0.550809569359135,5.127779892103541,3.534731920607206,5,1,High,37.32634039696397
1.7095387961403752,8.543420054927196,3.1563321536715225,4,1,Low,69.21833923164239
6.330786395968094,4.320181803088107,4.9101976266891,2,1,Medium,50.4490118665545
13.074250245390669,2.1438144607208502,3.207335823115712,1,1,High,13.592069657468095
4.4261854696745075,9.643533864364274,1.9225791846809193,3,1,Low,60.0
7.1012873216374945,8.237430848640091,3.094695490886009,5,1,Low,89.52652254556996
0.5820200267054894,9.6230262450096,9.74904272810235,5,0,High,0.0
2.076804813469244,2.389380166876656,4.111134169948486,1,0,High,44.444329150257566
13.812821721423857,10.371196278306522,4.447127768583358,4,1,Medium,3.700252549963923
13.511661750104638,8.195262000363034,5.7654498995114,3,0,Medium,18.614441751919813
0.06915973308173462,7.633953507126401,9.833407684142266,1,0,Medium,25.83296157928867
13.325364995925346,8.246140481145316,2.41601276435763,4,2,Medium,53.37317502037327
8.947679129417004,10.644332468683642,6.812821105324338,5,0,High,6.1974988262932875
12.15085612328031,7.86936506558907,7.159846935417241,2,1,Medium,28.446484706512248
6.366357978874028,7.809503798881793,6.0732441679306595,3,1,Low,74.6337791603467
7.218344400109503,11.906791570657658,0.8857833963664408,3,2,Low,70.0
6.843852123596882,9.56730167068568,6.768722758275764,4,1,Medium,41.15638620862118
9.336099605645462,6.422938054511353,0.6409471103617548,1,1,Low,33.319501971772695
1.9551175665883807,9.073970000329277,5.961426495498969,5,1,Low,25.192867522505153
0.41963025821749134,5.892304716917884,7.395811772217426,4,1,High,18.020941138912868
4.311019182276673,4.28875462483499,2.109698906199504,2,1,Medium,60.0
9.865530678313053,7.968518768877594,8.416220075427741,2,0,High,23.591246231296026
2.8259483297212773,11.281820981139514,0.30353805533004263,2,2,Low,70.0
9.428054066548842,11.291395200154627,8.43812863658306,4,1,High,5.66908648434049
13.578768645501786,5.419052781054903,4.603290506427651,5,1,High,4.089704240352816
1.3146100210518574,7.276774662216949,2.175879399316445,3,2,Low,80.0
9.416429655151768,4.1163589856986125,1.33778144993968,1,1,High,32.91785172424116
6.212503070263996,11.956311094988834,9.533071675823725,3,2,Low,37.33464162088137
12.153991561285075,11.811179078679357,0.7266558758115671,5,1,Medium,19.230042193574626
2.4800970522634027,8.495089297074474,1.9909341993592566,3,2,Low,100.0
9.696763331166304,10.044140596774733,3.4782234743304596,4,0,High,19.125065972516182
11.733614055073543,9.151001612837,6.202348489611205,2,2,Medium,15.32018727657626
13.224599072636325,7.931582190394682,5.448010852760984,5,2,Medium,41.63695037301346
9.565472396055041,2.533479969888977,1.2564349241231398,5,1,High,32.17263801972479
6.960446696117982,6.54764342552661,2.897279837382146,3,0,Low,50.0
8.649861362816994,8.747863021674105,2.387517710860241,4,1,Medium,66.75069318591503
12.164669782702056,8.775316138836846,2.135428544903414,3,2,Low,59.17665108648972
7.988536452943616,5.731226184223836,4.111443364799871,3,1,Medium,54.442783176000646
0.42541883575571604,11.416919866580306,7.040314525916569,5,1,Medium,19.79842737041715
13.033281737097688,3.67357032236781,2.1745293221723596,3,0,High,4.833591314511558
9.653374514441856,7.003594462155606,3.666788797029814,2,1,Low,58.39918344264165
9.471187400881451,8.908839765508228,3.909174268411623,3,1,Low,58.098191653534634
3.0194521335680404,8.971358058918092,9.764565294354101,2,2,Low,66.1771735282295
9.224396583257201,8.486389567688155,9.546663568790688,5,1,High,31.14469923976055
5.514101679158219,4.752882134518602,8.001375827520759,4,2,High,44.993120862396204
9.117261678580888,3.5620656868662195,2.4165892081918514,2,1,High,34.41369160709556
1.49230242431187,8.359403268267108,0.6803731409166969,4,0,Medium,60.0
9.209834264442504,7.993021161394378,3.1690413772062476,4,1,Medium,63.10562179175624
13.991792160789332,3.7935601028924095,2.6679454943383085,2,1,High,10.04103919605334
0.6749685440477844,9.051391455705634,5.059258001463939,5,2,Low,39.7037099926803
13.680438579098443,6.551719917336564,7.777279100677931,1,2,Medium,0.0
5.696711450120189,8.67760591603153,8.583229388788581,4,1,Medium,62.083853056057094
12.190548304721627,10.373670797701507,8.448640854105085,4,1,High,0.0
10.95339677681583,3.6972842857692316,3.5967556122306776,5,1,High,22.249238054767467
7.93822765381335,2.191448679968367,6.8723434346068295,5,2,High,50.63828282696585
10.338288929518571,9.791025863957868,3.1283419752422006,3,2,Low,37.666845476196144
12.29921785821887,8.09697425152616,0.6090554323518271,5,2,Medium,58.50391070890565
5.657964503114462,8.996395696221217,7.015652656029423,4,1,Medium,69.92173671985289
4.578464261885342,10.381549749886425,0.09827552569787845,2,1,Low,60.0
9.346307397890186,10.028109348245005,4.0918258745848854,1,1,Low,27.809333637624643
11.30984318717762,11.609201469288246,3.293792693020757,3,1,Low,21.981820599008117
10.67199188687262,7.359350788521182,6.933775385188524,2,1,Medium,36.97116363969428
11.169391084020884,6.884956326599053,7.662454727603789,1,0,High,0.0
6.098166407381062,6.018871998907301,3.040946359712838,1,0,Low,49.79526820143581
11.449679026450303,3.536910428442045,8.116270144448535,1,2,High,7.170254145505808
1.6829267751885182,7.726072328820225,2.9391676050493376,2,2,Low,80.0
7.622847371451893,4.770125243259788,4.463263599865613,3,1,Medium,52.683682000671936
0.08062124697370199,11.213075122129755,7.270185270141339,3,1,Low,18.649073649293303
4.544201618603784,7.8319080427709755,6.9292022922478855,1,1,Low,70.35398853876058
5.13046148819957,7.928401805081101,9.873684723122,2,2,Low,65.63157638439
5.546417682529576,5.5492466087701,2.2516102421593187,1,2,Medium,70.0
9.73654089365807,2.519893519777075,6.623179135395824,5,2,High,23.201399854730532
5.4398134177848405,2.317437653729886,6.096819082757774,3,2,Medium,54.51590458621113
6.281710716715429,6.233351441531975,9.150984544900298,4,1,Medium,29.24507727549851
3.3256178322405843,2.8456537809723788,1.5636214164487505,1,1,Medium,60.0
5.225525082810761,8.068469555401391,7.517981635869329,5,1,Medium,67.41009182065335
3.181774781684121,10.809730056396575,5.682686162687683,3,1,Low,46.58656918656158
1.024742932758211,10.829148165187222,2.746658697879054,2,2,Low,50.0
8.44828030733929,8.590454101322324,4.744349141471741,3,1,Low,59.036852755944835
9.354979179770227,4.11231831472931,3.337765970697978,2,0,High,21.536274247658973
8.672864844134603,10.629968313588721,5.793134027884609,2,1,Low,22.670005639903945
6.488916613208013,10.860934353132082,8.89000610814666,1,2,Low,40.549969459266705
5.317000922509218,3.966535849529587,5.6930498441220205,1,1,Medium,46.534750779389896
12.086671094005553,9.374260857706773,6.31722418326584,3,1,Medium,2.9805236136430366
7.2671449919070525,4.86519548927123,5.187478471147094,5,1,High,49.06260764426453
6.708546286816233,10.026403123529297,0.5116550644547591,3,0,Low,50.0
0.3589889212900996,11.972378999036026,2.3285855687609427,4,1,Low,40.0
4.777469586766189,2.300260053293928,4.920017294320828,2,2,Medium,60.39991352839586
5.322738663001999,10.973658657909318,3.1023528374470475,2,1,Low,59.48823581276476
5.583518932556607,8.22630533598658,1.8176359776119422,1,2,Low,100.0
8.122413169182652,11.733826191648213,5.041328419184383,5,1,Medium,29.18129205816483
7.470435654176298,6.650095175264276,3.2280979344785035,1,0,Low,48.85951032760748
8.510671299108225,10.473879305713737,2.5810764317341475,4,2,Medium,47.446643504458876
10.708365661589795,2.623940685982772,4.639854174403808,3,1,High,18.258900820031982
11.381800342025308,5.352790500782957,1.3328425808217315,3,1,High,23.09099828987346
10.053723067170921,2.6701653775120997,9.277457330754073,5,2,High,8.344098010375028
13.377331743369085,11.753431334790704,8.67702097919239,1,1,Medium,0.0
0.2552561574690628,10.169739072718368,7.076205857405354,1,2,Low,29.61897071297323
2.7408917995696456,10.525474212459706,1.062138275884562,4,0,Medium,50.0
0.10588024969398968,11.379652314338943,7.75877254469693,3,1,Low,16.20613727651535
9.064645998164442,2.8510348611978538,8.07957328109019,1,0,High,0.0
12.572427685299816,5.855975925133333,7.677646177143377,5,2,High,3.7496306877840375
3.40875215206819,2.710348890440021,1.1396588711924116,3,1,Medium,60.0
12.978483627148293,4.107931015500286,6.439079570677647,4,2,High,7.912184010870298
0.8437434640538519,4.293657770376724,8.343247957493986,5,2,High,23.28376021253007
13.0821043752772,6.691072110475787,5.773534012196677,2,1,Low,0.7218080626306111
4.922717621354882,4.685621674536426,6.46407375228089,4,1,High,42.67963123859555
1.4198915982890312,3.009781068177611,4.5836347942630615,5,1,High,32.081826028684695
6.802204628608559,3.674910890941077,5.287073198840526,1,1,Medium,48.56463400579737
3.5948719480871114,3.472755635520909,0.34376858351725215,2,1,Medium,60.0
3.9882206274669194,11.730767979122984,6.389630219732846,4,1,Medium,43.051848901335774
4.3020595089680125,9.592925069184735,0.8144721289115919,1,2,Low,70.0
11.242362569657288,11.67761465269562,4.350145943402234,2,2,Low,27.03745743470239
7.548257873453563,6.397404865079086,2.9265509766740783,3,2,Low,70.0
4.358307788184051,4.783684816626566,5.454279502117131,1,2,Medium,57.72860248941434
8.544672966352858,9.982931972091867,1.3341633552320709,5,1,Medium,37.276635168235714
10.02610943912471,5.262539180411467,6.916434019733182,4,1,High,10.287282705710542
3.816736010269473,4.993833737053483,7.9501153692847035,2,2,Medium,45.24942315357649
5.789687421354921,4.325059922078312,1.633544497431565,1,1,Medium,60.0
1.7064053067172658,3.2967897822423535,1.0431308735188216,3,2,Medium,50.0
2.5360908934855244,4.56463061016766,1.4551548278735915,4,1,High,60.0
9.53564995550976,5.553197484738877,8.771275618985017,4,1,High,3.4653721275261162
2.5401368677387772,8.739942081457304,5.281892617563562,1,2,Low,88.59053691218219
7.352287371338843,2.6256484221945158,4.672609960075026,3,2,Medium,61.63695019962487
9.926647664114057,4.1050693966534295,1.0671181910235428,2,1,High,30.366761679429715
1.4962769233264137,10.090236402916764,6.495560067569618,1,2,Low,32.52219966215191
7.942371074804649,3.4692192358377074,8.6799959189509,2,1,Medium,31.600020405245502
3.5918789718190927,5.426451465225215,8.281858693234529,4,1,High,33.59070653382736
13.480976253326117,10.6465892185814,6.2605470898080124,2,2,Medium,6.292383284329347
6.769639054078946,3.5492531114344263,0.7527871665167363,3,1,Medium,60.0
11.283895696852213,2.827368356181899,1.1239702717601296,5,1,High,23.580521515738937
7.703171590187665,6.845379950800108,0.49308987109824676,3,1,Low,60.0
0.6077754599674683,5.024195112785364,2.574792164924693,2,1,Medium,40.0
8.864119258316313,7.634083644838541,1.3566146716037775,1,1,Low,65.67940370841843
13.319646790893199,10.038048904834751,2.600480402524339,4,1,Medium,13.401766045534007
8.422565482048636,3.3714848815274316,3.850580557189617,5,0,High,23.634269803808728
11.468644031975064,7.80699084554285,9.429827840711356,1,2,Medium,30.507640636567906
12.37889048687771,7.055087603898639,6.103760597816921,1,1,Medium,32.58674457652685
3.1931168072850546,3.4407878601319957,8.349737856829623,3,2,Medium,43.251310715851886
2.968627758715173,8.239984855289824,7.103515007123322,2,1,Low,69.4824249643834
8.553733843913884,4.7364041786077165,1.1250313052663174,3,1,High,37.23133078043058
5.754398577293866,6.878343185440125,7.359204063739488,2,1,Low,38.203979681302556
11.758058240134085,2.8227232427706186,2.7509888155912443,3,1,High,21.209708799329576
12.600323727572157,6.595840572136231,6.391078469947064,1,1,Medium,0.042989012403896965
4.9478993102380535,5.064634680428203,3.4096197364298853,4,1,High,57.95190131785057
3.316187825642749,10.223812111853544,9.976722632646592,2,1,Low,25.11638683676704
10.927357213414066,2.569787269973683,2.6355147949677784,5,0,High,15.363213932929671
3.8472844976739053,6.1860727491833,2.7913047077426967,5,1,Low,60.0
11.516600459191498,6.58431424131438,9.306722555623983,1,0,High,0.0
5.93233555108268,9.250060762991188,0.2464440463632267,3,0,Low,50.0
9.345698590080586,7.74287575090211,6.966889878731969,3,2,Medium,53.437057655937224
1.3374943936853545,8.67212337194181,7.2532639073587815,1,1,Low,48.73368046320609
8.734030545472022,9.770492856517562,8.363785774103993,5,1,High,9.51091840211992
6.324747502321207,10.622029736581888,9.744393106384754,5,1,Medium,26.27803446807623
8.212518484456638,5.138754967224705,9.756019191566525,3,2,High,15.15731161988419
2.352198908428088,7.38022705363903,0.6527675756646389,2,1,Low,90.0
10.31623242921855,10.401080784391999,8.218393227529026,4,2,High,12.326871716262119
12.0791590856052,11.894511309650564,6.463099336573813,2,1,Medium,2.2887078891049377
3.034357201270859,10.895193110437631,6.473421343730912,5,2,Medium,52.63289328134544
1.3400037772822642,5.714672626243768,1.283499266146948,2,2,Medium,50.0
0.33094020464870955,3.9516651721865044,6.501871664456534,4,2,High,32.490641677717335
8.987601006205724,6.893925374065887,9.824825806012479,2,0,High,0.0
8.49931650524293,9.416414518360423,9.11818569539447,2,1,Medium,6.912488996813
7.65376377799698,6.925690707532976,4.391306608048505,2,1,Low,53.043466959757474
3.2472593456236556,6.831808633136685,0.3994797328609434,2,1,Low,60.0
5.472683942677206,10.382304210818006,3.6229349000020483,1,2,Low,66.88532549998976
8.322668692606422,5.614037790671864,8.263903116005553,5,0,High,2.067140956940129
6.954736024028371,10.597946748116456,7.0149910146516605,4,0,High,29.9250449267417
13.828997283008423,6.068048009517236,4.593436555939564,5,1,Medium,2.887830805260063
1.9101565357942638,5.282331056783394,0.5510153515883109,1,0,High,30.0
9.732023756666313,6.53989911199699,4.268947278233027,1,1,Low,24.995144825503296
5.66046275346009,9.624469586748685,4.690249397178835,1,2,Low,61.54875301410583
5.994794608958607,3.260020278639943,9.28555532894136,1,1,Medium,28.5722233552932
10.046368719214467,3.9641921587201736,6.410861035821594,2,0,High,2.7138512248196953
9.694106118541175,11.514448256630919,3.116529166546489,5,1,Medium,30.94682357456168
13.877583911830637,3.7549162738135737,5.253182644507214,3,1,High,0.0
1.7975200523577533,7.6772731793105455,0.6605530782216007,4,0,Medium,60.0
1.4575350913783287,7.793144666619378,9.725682356497368,1,1,Low,36.371588217513164
10.140743439802376,6.896244620502448,3.60059901930726,5,2,Medium,36.293287704451814
8.097416838089728,8.447452485768185,4.7786735491313586,1,2,Low,70.61954806389457
3.8382493318372823,4.2982672579761845,3.552839742369226,1,2,Medium,67.23580128815387
1.1118711658458125,7.526622677767482,6.825117301162002,1,0,Medium,40.874413494189994
1.1992154943500275,5.721732552468971,6.62232158329593,1,2,Medium,31.88839208352035
12.518672245297656,8.61667259629189,7.153223105291357,1,2,Medium,36.64052324705493
2.686142546062401,3.4122354337314946,2.6814322961192083,4,2,High,70.0
4.527201869617291,7.708774168394762,3.15668481164066,5,0,Medium,79.2165759417967
3.1731896311778325,3.852703553833237,1.2525123109620795,1,2,Medium,70.0
4.969948281647122,4.786430631150364,6.5550997184611255,1,2,Medium,52.224501407694376
0.9719337984453071,4.187098003235832,0.3979712733565255,1,2,Medium,50.0
7.266837072715785,3.8283777986881713,5.976823355234591,1,0,High,35.11588322382705
0.9465758902910086,10.25710951560667,8.696958848516338,2,2,Low,21.515205757418308
11.204991109513061,4.857075676608903,8.908321482896335,2,2,High,4.43343703795302
3.2719691467460623,11.271237818644494,4.490377603699617,3,1,Low,52.54811198150192
7.560166804463148,11.699265253451909,4.593036882130738,1,1,Low,52.03481558934631
12.321107225860416,7.712604699370973,0.7696918300801736,3,2,Low,58.39446387069792
9.112283166660719,3.430011226657264,6.707650254430357,4,1,High,15.900332894544626
7.461409011718694,5.745482433795813,8.212594203728456,3,1,Medium,33.93702898135772
4.540672543615258,9.97732263348214,2.4465505460471304,5,1,Low,60.0
4.662026782814771,5.673907286970705,4.213008816333646,2,2,Medium,63.93495591833177
9.372817372774662,2.8701721830278872,8.388393367652704,2,0,High,0.0
13.917951057096346,7.567849109281879,8.77120467662288,1,1,Medium,11.554221331403873
9.2657486578913,10.451208514960348,2.431799802642259,1,1,Low,33.671256710543496
7.808967843180349,9.959263871435024,5.505706345413643,4,2,Low,57.47146827293179
10.229107143349445,3.7512314013035324,1.9249315063582706,4,1,High,28.854464283252774
6.512878571972054,8.727646144124668,1.0187876413955654,5,2,Low,100.0
0.841992796410993,4.205042634356471,9.111205013919575,1,2,Medium,19.443974930402128
7.872155422290737,4.1820753455217226,8.205075042321091,1,0,High,23.974624788394543
13.406753983075323,10.740717733051852,7.600349018031739,4,1,High,0.0
2.4542411930072348,4.496689527402301,0.4876631881314042,4,0,High,50.0
9.660068471489321,4.632473465180112,8.437287927102574,4,1,High,4.513218007040525
2.8130716412267907,2.0065339076129955,4.380440759053838,2,1,Medium,53.09779620473081
7.501587582623138,10.706690341255177,3.423951232958596,3,2,Low,67.88024383520701
1.3534702950540747,9.925948132091348,5.4647636102537644,3,2,Low,37.67618194873118
6.305193107614592,8.27328935090678,0.9135324272355583,1,0,Low,80.0
10.586286604533445,9.502657639388422,7.566465493523989,2,0,High,0.0
4.866001339345749,3.520485674244918,5.824350768882959,4,1,High,45.8782461555852
9.308764142821053,6.583235945875755,1.8659009687316752,1,1,Low,33.456179285894734
11.136299451056209,5.512193873487809,1.882321997690456,2,1,High,24.318502744718955
12.980489472712337,2.937765262570165,1.8424865157267423,5,2,High,25.097552636438316
3.2849891459763496,6.861304852149241,0.5700238755193399,2,2,Low,70.0
5.590422821330314,11.207396503426354,5.877984493716848,1,1,Low,45.610077531415754
2.1338241866258443,2.400591190506945,8.403481775885082,3,2,Medium,42.98259112057459
13.894769030217253,4.914609134937939,0.174982139873886,4,1,High,10.526154848913734
12.978013550940135,4.075409362057035,0.4900464497127355,5,2,High,25.109932245299326
7.559399823927834,4.381466536656963,5.727702766869458,2,1,Medium,46.361486165652714
11.788466121269899,11.084345518793754,8.194956853860523,1,0,High,0.0
7.293411681808591,6.6806905423429015,3.267388905686336,1,2,Low,68.66305547156833
8.730199632038635,6.662994129398188,3.496143988077222,4,1,Medium,33.868281899420715
1.2477420496242326,9.605756424552823,5.963464974967759,1,2,Low,35.182675125161204
10.57378588695531,3.544922040049258,2.74212889124147,1,1,High,27.13107056522345
1.7879887708932876,6.872653541000508,0.2660836607768413,4,0,Medium,30.0
11.564946823535397,6.2998521412105974,7.352285181015961,5,0,High,0.0
10.948393227385402,7.969106905466561,6.256499129414531,3,1,Medium,38.97553821600033
9.92242576840167,11.995577032504386,5.807559990556591,3,1,Low,16.350071205208696
0.5062453273466696,9.69448894082047,7.416841289918231,2,1,Low,17.915793550408843
4.243796983234601,5.978657030174272,6.752308375620375,5,1,High,41.23845812189813
3.6835759787518,10.27553052274047,2.0588198817832115,2,1,Low,60.0
5.0419097046012675,3.707083633124802,3.524810469433511,3,2,Medium,67.37594765283245
1.2269984546937396,2.304636863089601,1.26110141678625,4,1,High,40.0
13.11740952243488,4.04448372464273,1.2985701341788103,1,2,High,24.4129523878256
7.753231369973268,5.404115561142596,6.761957463565392,3,1,Medium,41.19021268217304
4.27734034921233,7.105807574595599,8.586001069824983,5,1,Medium,62.06999465087509
5.557741239039968,8.151291405411998,9.627325838611391,3,0,Medium,46.863370806943045
6.2608355670677,11.106057172144217,6.283471175494444,5,1,Medium,43.58264412252778
8.408320667048642,7.0985400955045765,1.8410132336095697,5,0,High,57.95839666475679
7.219511987750969,7.012756446257294,1.056503454489307,5,1,Low,90.0
12.871487625001842,2.502430098229821,8.128509715367578,2,1,High,0.0
6.957488760681624,2.349115526562238,5.787564763599993,4,1,High,46.06217618200004
13.890212207526378,7.511599619163721,6.1828502101371985,3,2,Medium,34.63468791168212
11.919949408431341,6.381786132483445,7.814620887547092,4,1,High,0.0
2.9191472010027013,10.391803949802986,7.032772277324516,1,1,Low,39.83613861337742
13.028333005014828,3.606795847118452,8.344582528560966,3,0,High,0.0
1.6291295703966653,2.2497166211704958,0.5621390545987848,4,2,High,50.0
11.444295918876682,6.490387679301259,7.475206367465049,4,0,High,0.0
5.328726108672122,4.374785567522575,8.508527573220954,1,1,Medium,32.45736213389523
12.291640486230973,2.4961437333883745,2.8613504245831436,5,1,High,18.541797568845134
12.152793661504305,9.24598286847629,6.404472739932529,3,1,Medium,2.2136679928158323
11.282955601646696,3.115929999572475,3.141620638369721,3,1,High,22.87711879991791
11.06042610829886,8.083195000077717,9.57971066482454,1,2,Medium,31.799316134383005
4.265507947372571,4.810497501668891,0.33423572435503757,5,0,High,50.0
1.1328699627175305,3.7349605035502202,5.79792843832955,3,1,Medium,26.01035780835225
5.641722502712261,5.797515229193174,1.6650354704951509,3,1,Medium,60.0
2.4293432098111216,10.014457762229537,7.122202051771587,3,0,Medium,29.38898974114207
9.729315244634464,5.920935769045727,1.7589028341866209,5,1,High,31.353423776827682
4.845396171528997,9.507696492110558,2.3538326189835757,1,1,Low,60.0
13.658542812038808,3.2548629679915067,4.943708110457581,3,1,High,1.9887453875180512
8.973609082834649,9.72771419665079,9.14834949996878,4,1,High,4.390207085982851
11.514727890881053,4.369333249066487,2.1171437214797084,5,1,High,22.426360545594733
1.855345418385878,8.773931298888728,1.4424002111810352,2,2,Low,80.0
12.068202751816717,7.657815548409964,7.589768318540306,1,1,Medium,26.710144648214886
12.91860066718752,11.291447172116873,5.00619532333931,4,1,Medium,5.376020047365849
6.818866863465103,5.87322517975314,9.117851123817713,3,1,Medium,29.41074438091143
8.487541128513683,2.6616518883444042,1.4661455715984228,2,0,High,27.562294357431583
10.707337212641937,2.1915548555125293,6.4592789302303935,1,0,High,0.0
2.4477407816457757,10.26858560972753,2.3287914615181506,5,1,Low,60.0
7.035925070488194,7.247356376614322,1.567604286516393,2,2,Low,100.0
5.581282388812383,9.752440518349493,6.834294151572705,2,2,Low,50.82852924213647
2.0492358902714876,4.344256000115147,5.9368461990873325,4,0,High,35.315769004563336
5.14548191208144,5.450837455132337,7.5482745836233125,1,2,Medium,47.25862708188344
0.95441233139691,2.3010387221131894,3.0946257644618234,4,2,High,49.526871177690886
0.3613666972928178,11.614923245741121,4.479716563821899,4,1,Low,32.60141718089051
1.8923280481675187,8.678679067008135,4.054716763304185,3,2,Low,74.72641618347907
13.483611562248434,11.332050877593062,9.840894639665143,5,1,High,0.0
7.6934135025302375,4.6549640742907235,2.922489567393879,2,1,Medium,60.0
13.52151025614508,8.114636112256608,2.9481723834676687,1,1,Low,42.392448719274604
6.054970296621848,8.784999682926378,3.545482088286074,5,1,Low,87.27258955856963
4.365425863193634,5.175497002575884,5.645940812903215,5,1,High,46.77029593548392
7.085986079763417,10.4810923501563,2.5232274426374524,1,1,Low,60.0
6.1531636408607415,11.471614629002477,9.15289940379274,5,2,Medium,39.235502981036305
1.4793055796644148,10.848551176960044,2.656855648662635,3,2,Low,50.0
8.971568405662888,9.390669759393726,8.958157315601946,5,2,High,15.351371393675834
3.0245345551343945,4.77464679724954,1.0347506364658465,3,2,Medium,70.0
8.674231368569615,4.816160421056317,6.565627023996523,2,2,High,28.80070803716931
9.102815293574148,11.633603204460378,9.069855184382437,2,0,High,0.0
2.1283479438010735,2.1028449593569203,1.6874943839822953,4,1,High,60.0
0.8588947795493542,9.160499732421444,9.68326960099255,3,1,Low,6.583651995037258
10.930662204958157,9.062461625552622,4.528833604155117,2,2,Low,27.70252095443363
6.437205932770483,8.226895409497974,9.457151084410246,5,1,Medium,57.714244577948776
0.8142931370766611,11.901088460868658,6.76820043630047,1,2,Low,31.158997818497653
13.92812844037674,5.1187943576372525,3.0158686987355154,1,0,High,0.28001430443872266
0.8089278539491329,5.399718637932482,1.8830252491710642,3,1,Medium,40.0
9.730493204019744,2.7893940294655555,3.037350462250994,4,2,High,41.16078166864631
13.77150495368779,6.4279813654373745,0.9301740926267499,5,0,High,1.1424752315610505
3.3485214590229586,4.610485262348481,1.4386796634332977,3,1,Medium,60.0
1.9914911616207465,5.433867021776442,1.0466044034648114,1,1,Medium,40.0
1.6993891519140045,10.345717902556277,4.229435437415577,3,1,Low,33.85282281292211
4.2458520659463375,11.354845135274957,7.955783762575864,5,2,Medium,45.22108118712068
1.4146413541490537,3.8573307200518565,1.413835542163402,2,1,Medium,40.0
9.690258783717846,5.7250893155346585,1.3032043317233588,5,1,High,31.54870608141077
0.8720851738208777,11.286305621153941,6.434289495173307,2,0,Medium,12.828552524133464
7.131909794097056,2.6180846068922263,1.9718298196806627,2,2,Medium,70.0
13.953755953941675,2.923605281113785,0.976100381089916,2,1,High,10.231220230291626
11.395583773084264,3.6279098920622936,1.6684857820557764,3,1,High,23.022081134578684
8.613072135234152,7.952128341268748,9.23731395876776,1,2,Medium,45.748069529990445
4.287550691012563,3.5047227100599745,8.214712527761908,3,1,Medium,33.926437361190466
8.734541708082938,11.680763814507335,3.540645623550941,1,2,Low,43.624063341830606
7.378580494763122,6.467145272585204,6.5582076732739285,5,1,Medium,42.20896163363036
5.965167374465201,7.015179603501664,5.372756736680381,4,1,Low,78.1362163165981
1.8299452743627926,4.466586158054065,6.771242634825639,5,0,High,11.143786825871803
12.412459013366535,6.709602524347335,6.826711524627593,3,2,Medium,8.804147310029357
6.296985083498515,8.619136326370116,6.287340150599929,3,2,Low,83.56329924700034
2.7247151654907107,9.511771369540428,2.661013685373086,1,1,Low,60.0
5.148630912282055,9.53868082709913,0.3900642076281813,3,1,Low,60.0
5.797816535404978,7.7789111269408835,4.555667819901088,2,2,Low,92.22166090049456
11.58553053793624,11.043597749938572,8.909738846907038,3,1,Medium,0.0
10.270601327859628,10.174078473061094,5.694972585185759,1,2,Low,25.17213043477306
10.770268510978758,9.570481146986253,8.323910417019079,1,1,Medium,0.0
0.154437702001061,2.556055216804606,9.916243429612281,2,2,Medium,15.418782851938595
5.826155974516661,2.068779622196493,1.6361620413827627,1,1,Medium,60.0
6.73881812289453,4.124472771954729,6.917776391419823,4,1,High,40.41111804290089
0.2686918755227936,8.635235939134523,6.742935737000247,5,1,Medium,51.28532131499877
3.637384922430479,6.111974888825458,9.799554473582784,3,2,Low,36.002227632086075
10.64405752370989,6.0240625929931175,9.856007339528004,4,1,High,0.0
1.9195358802059868,10.845868882296138,6.866786117241295,3,1,Low,20.666069413793522
7.494341840336283,10.955628481318387,2.4361479198219427,4,1,Low,60.0
3.012826208241325,11.091752640535857,7.9855583813059905,3,1,Low,35.072208093470046
0.16969084501450582,5.138780765150273,1.070291342110381,2,2,Medium,50.0
3.3768204063935805,8.910558127392617,7.806993041716287,1,2,Low,75.96503479141856
13.662232568740754,4.716331812743697,9.101961241446965,1,0,High,0.0
11.221519566361854,3.9060983307444976,3.8283339476843525,2,2,High,29.750732429768966
13.434073020494468,3.846324573473692,6.306352949830805,4,2,High,6.29787014837364
6.829956614969074,5.42107620863594,4.301427320968263,5,2,High,63.492863395158686
1.536306781485049,6.299576197798217,4.3776505498812845,4,1,Low,33.11174725059358
7.671432845631701,10.309491710550684,3.1037088910812005,1,2,Low,69.481455544594
6.361282683839452,3.198910934727121,7.621296204503246,5,0,High,26.893518977483765
11.820999158354624,9.349258473948941,9.361765641665052,3,1,Medium,0.0
1.3731561309794242,7.314549141893053,9.40750859234461,5,2,Medium,47.962457038276945
6.835375918304894,4.879453426759925,1.7478128487493383,4,1,High,60.0
2.1006813057157796,6.928195845328246,8.74743649656566,2,0,Medium,21.262817517171698
4.54546297646084,4.999420697770226,7.374314414271222,3,2,Medium,48.12842792864389
10.322999083429195,7.96081955238306,2.528374006902893,4,2,Medium,68.38500458285402
6.664253811162731,6.338439228552442,0.6728461292151455,3,0,Low,50.0
5.26243599204077,3.6440552907887875,2.6799726688437797,5,2,High,70.0
5.522667899980494,3.165830745556967,9.122082367815256,1,1,Medium,29.38958816092372
6.432254757683813,7.466956820721301,6.331786748957723,4,1,Medium,73.34106625521139
10.990231613718796,11.024130332861034,7.210546608978719,2,2,Medium,13.996108886512424
12.489185645163282,5.439576865576855,2.5715235110909584,5,1,High,17.55407177418359
13.374685611054996,9.330001072226231,7.193881555748202,4,0,High,0.0
11.016647407574132,8.58661354939767,0.2812150627792376,2,1,Low,54.91676296212934
4.415696540472178,11.31554914309481,3.753213457730138,4,1,Low,56.23393271134931
9.63388588521159,10.209810172991409,6.2675334854233125,5,1,High,15.492903146825483
6.126443736775487,7.66605258905463,1.4609656554132022,4,2,Low,100.0
3.5653887086447167,8.570304982341073,8.230035744469347,3,2,Low,73.84982127765326
11.772202111962917,10.983864665840349,2.350312988119186,5,1,Medium,21.138989440185412
0.53796888547255,5.9951878458693475,6.522811128184463,4,2,High,32.38594435907768
12.62466788989593,5.267947058577773,4.051971425753297,1,0,High,1.6168034217538647
6.460684504746278,2.1081108363519636,5.960435954776472,4,0,High,35.19782022611764
8.920820675315927,10.265510741914643,1.0745055262890812,3,2,Low,45.39589662342037
9.230954910880957,10.009807004033648,0.16912799921607324,2,0,Medium,23.84522544559522
12.53164836989151,3.0445451810015136,9.095644273803012,2,1,High,0.0
8.913375550340902,7.768573811327002,2.696300087671828,2,1,Low,65.43312224829549
8.595070186640864,6.639816981668874,8.196770027804591,1,1,Medium,11.04079892777272
0.9331285678496595,3.1870909550911146,9.993503004722001,3,2,Medium,15.032484976389995
7.2577123072328575,11.805682270607235,2.114312579989112,5,1,Low,60.0
2.1023660114385834,4.146958874633555,2.6517074118335557,2,0,High,50.0
10.324072762100798,2.6723418009056115,6.628597876346657,3,1,High,10.236646807762728
7.171106891377443,7.948473795019096,9.654486346006212,4,1,Medium,56.72756826996894
9.523188908916946,9.388666771330326,9.15814348190744,1,1,Medium,1.5933380458780704
0.5834206084333797,2.3244344604718696,5.028755200655849,3,1,Medium,29.856223996720757
1.187088224641245,8.587176387270222,7.951102825267247,3,2,Low,55.24448587366376
10.028527432877551,7.322918759514544,1.3574585309990106,5,2,Medium,69.85736283561224
1.0091807039814271,3.032650088750484,9.774381842040123,3,1,Medium,6.128090789799387
0.9975941887136204,3.725238769463621,9.643532340359865,5,1,High,6.782338298200671
0.1695186532884243,7.679742973160805,1.6372895787917097,1,1,Low,70.0
13.391019576192722,4.963576135132884,2.994231248031066,1,2,High,23.04490211903639
10.325117032426098,11.38315728651316,1.0015499750676693,4,2,Medium,38.37441483786951
4.945519719028898,10.187402294840508,2.717175988981797,5,1,Low,60.0
4.151498138027173,11.835672065136631,8.159557894152066,5,2,Medium,44.20221052923967
4.895845216441893,4.59670838950414,3.783156071652595,2,1,Medium,56.08421964173702
10.845149436536547,11.69723632797977,0.8839696714675838,2,0,Medium,15.774252817317269
9.259188554985801,6.312338697915578,3.4222552477890456,4,0,High,21.59278098612577
2.592737950144551,5.475187953137546,9.813833342412801,1,1,Medium,25.930833287935997
2.437530694677181,2.5034952696935324,6.296835952592029,2,1,Medium,43.515820237039854
1.3775390959875624,2.527652578596026,4.161609464061577,3,0,High,24.191952679692115
9.244238075818734,8.920112559466547,1.6653851349727,1,1,Low,63.77880962090633
10.701217271104303,6.579289944340279,9.861767972836947,3,1,Medium,0.0
3.7106499965500563,4.265216260361057,8.208490092631287,5,1,High,33.957549536843565
0.29322945443277937,8.139703063252327,2.814773024509194,1,1,Low,70.0
1.1504033446699828,4.528581182501112,0.7006869572118946,4,0,High,30.0
13.550040487830426,7.776317543444226,0.5662555737755803,5,1,Medium,42.24979756084787
4.136226884683884,5.592087469826904,1.2037814950553383,5,1,High,60.0
10.76912406973387,10.23552226611819,5.807685836144216,3,1,Low,12.115950470609569
8.745289963959692,10.206961607667793,9.287634212054924,5,0,High,0.0
5.347154955140542,6.773503981224013,4.9674342800598446,2,1,Low,50.162828599700774
2.8796216707377713,5.508191093350156,8.429454824561972,1,0,High,22.85272587719014
1.69940985423169,5.625597965590945,4.458866198598078,2,1,Medium,32.70566900700961
8.610181552544132,10.05714525668218,7.085835457678252,3,2,Medium,26.51991494888808
10.844872928929032,5.28179482797612,7.318727372865008,3,0,High,0.0
9.01465954957583,4.09059373706846,1.7396370590333865,1,1,High,34.92670225212085
7.424229865488217,2.8468834187530683,3.6121605897581177,5,0,High,46.93919705120941
0.5873171280429077,6.666931208844084,6.373021565380239,4,1,Medium,23.134892173098805
13.558842886321372,6.821320989198419,0.7069660818436618,3,1,Low,12.20578556839314
11.181998683164045,10.409087104029071,3.6154018776295658,1,1,Low,21.012997196031947
4.099508513813507,4.21238696446064,5.347994662811924,4,1,High,48.260026685940375
13.719584611023908,5.809912736683999,9.962244930446387,5,2,High,0.0
8.426342254908509,10.084057388936909,4.745335626224407,3,1,Low,29.141610594335425
8.153917214901451,10.236236107489734,8.160567571143236,1,1,Medium,13.42757606977656
10.473024512013449,5.846110759787682,4.320672850666178,1,1,High,21.031513186601867
11.364777033261927,6.591240232866809,7.9639072261970885,1,2,Medium,8.356578702704926
9.190700502641038,5.0328589084928295,5.954148016201084,3,2,High,29.275757405789392
1.7933404491268004,11.32554878419312,8.865954415023984,4,1,Medium,10.67022792488008
4.7357450839229775,3.1864376574158033,4.109425523501099,1,2,Medium,64.4528723824945
12.993170964564696,11.3374942300147,6.043044198214789,5,1,High,0.0
3.1446185658139267,8.838664518353433,6.3001868061882735,1,2,Low,83.49906596905863
5.210338333725186,7.315721526867312,4.173829418004733,4,2,Low,94.13085290997634
6.049076361218744,2.3265906078449587,1.4431204368748152,3,0,High,50.0
6.15166985572233,6.755961918220083,0.9355940691233555,1,2,Low,70.0
8.581154154923357,6.077481050027323,0.166715505996331,1,1,Low,37.094229225383216
13.203061728425906,3.6121881197512256,8.735342642452146,5,1,High,0.0
3.369697965655069,8.56409603500657,2.3647491223869457,5,1,Low,90.0
1.7010192682128529,11.711509073682858,2.1150674928176807,1,2,Low,50.0
2.7645868580391224,7.621888110645251,7.360354004260655,1,1,Low,68.19822997869673
12.416948602929773,9.147532764439458,3.2001611308739175,5,0,High,6.914451330981549
9.041351377172884,2.684504525660168,5.060446924118366,4,2,High,34.491008493543745
4.002695049348242,6.176669958169947,1.625110652974563,2,0,Low,50.0
11.423257145560642,3.1635848516449587,9.597457214619693,2,0,High,0.0
12.059179949088104,8.127958355365104,8.515814000172373,1,1,Medium,22.125030253697613
11.851200741663892,11.384821582141546,8.637896229650032,5,1,High,0.0
12.864971470953762,8.617777324716386,4.067737485720052,3,1,Low,40.33645521663093
3.531374282427062,2.7680304831442153,7.623612137071728,3,0,High,26.881939314641357
10.570587002447896,5.546662049850829,1.4387615538978016,2,2,High,37.14706498776052
6.44755296183796,7.506633794408515,0.08619002591780278,4,2,Low,100.0
11.787979740460862,6.032077561332522,0.19972932578028124,2,1,Low,21.060101297695688
10.198869480262585,10.336440104751723,5.8660173740456045,1,1,Low,14.675565728459048
10.870264250996145,10.146710047099893,4.553949052479408,4,1,Medium,17.878933482622237
9.186265727535002,8.118310201032214,5.180153489085198,3,1,Low,53.167903916899
2.484002772575896,5.734579451327052,0.07463140417219405,5,0,High,50.0
7.630376864557137,4.553363737632441,4.226866196574257,5,0,High,43.86566901712872
13.785376353343114,3.058743182131293,7.180681612008608,1,2,High,0.1697101732413877
13.123432930959664,5.54897683486554,4.426937019674359,2,1,High,7.2481502468298835
0.6044323011581634,6.1317251720771955,7.322192063122222,1,1,Low,18.389039684388887
2.3074074202121198,8.758229251040737,2.330189643968348,5,2,Low,100.0
1.8442028283638667,8.581598242975735,8.131420044817254,3,1,Low,44.34289977591373
10.163718739794136,2.7010813964125697,5.884312404534523,5,1,High,14.759844278356706
11.448994617997231,5.952593154311578,2.107630994299062,4,1,High,22.755026910013846
2.9891591283494066,3.817788672173619,2.367204758538329,5,0,High,50.0
7.0819377013256055,3.568127053168057,6.28030464569537,5,2,High,53.59847677152315
11.7698423921568,10.27302149737246,8.299395932124433,4,1,High,0.0
10.25922162672751,2.4191521671625753,4.156277820291551,2,2,High,32.9225027649047
7.5913208768858755,6.191828759021213,2.5830042912759223,5,2,Low,70.0
8.26486766642282,3.6820365576651817,8.670116069106005,1,2,High,20.32508132235588
7.1170476568279195,10.79330215678474,6.692682917508349,5,2,Medium,51.53658541245825
4.165678318463488,7.570405132750351,4.480854872830765,1,1,Low,82.59572563584618
7.9103079000262255,4.31380636376848,4.879001952793018,4,1,High,50.60499023603491
9.64439422870127,7.024272871663764,2.042564679363964,5,1,Medium,61.77802885649365
12.226520822051308,9.314863597031158,6.268026300648439,4,1,High,2.5272643865012654
8.908078955709474,11.581180089194337,3.5874251054288866,4,2,Medium,42.5224796943082
10.655701518604213,4.20446004245419,9.956451766743493,2,1,High,0.0
2.241002889364022,10.861817721293452,4.801835152618878,5,2,Low,60.99082423690561
6.461804641877059,11.343041141674902,4.858856061896132,1,2,Low,60.70571969051934
0.13064267757930614,11.164205445320663,5.658517874106719,1,2,Low,36.7074106294664
3.4535041033027225,8.354143568619099,9.167560031187467,5,2,Medium,69.16219984406267
10.170464011582068,8.298206544347076,8.008180998597503,2,1,Medium,34.106774949102146
13.885339318891088,6.032106331838228,4.511300697978414,2,0,Medium,0.0
1.3884933942210227,9.52397882303788,7.186992659727959,2,0,Medium,9.065036701360203
5.6209204220580355,7.312940183509319,5.862354987807617,1,1,Low,75.68822506096191
11.200993561788232,8.774380712282944,4.923670487012489,4,1,Medium,44.37667975599639
2.8564988848045836,6.284579038487955,1.9231577278435052,2,2,Low,70.0
7.771189290232007,9.314964640431391,4.63936263454891,1,2,Low,61.80318682725545
10.262998144415448,10.24471517604549,2.4581858702257464,1,1,Low,28.68500927792276
8.623796303642507,3.464362566028161,9.148421498516546,4,0,High,0.0
2.632346284615826,10.32929715574228,3.3540681349634696,5,0,Medium,48.22965932518265
4.975383961600352,7.402965317903073,9.522640145333723,5,0,High,47.386799273331384
10.97308498279556,10.446659090902243,5.3305529009471115,2,1,Low,13.481810581286638
7.759171197848232,6.313017063410146,6.315443786761604,2,1,Low,43.42278106619198
0.07321458960077831,5.79040485383035,5.429404444893278,4,0,High,17.85297777553361
10.653870640393315,11.150607325172224,1.293806169667009,2,1,Low,26.730646798033426
0.494358969163347,4.511692675484013,3.7582121900794094,4,0,High,26.208939049602954
10.44027295823725,10.442123252861432,0.9914611227762393,1,1,Low,27.79863520881375
2.834727842313324,6.840205725094041,6.229540441833818,2,1,Low,43.85229779083091
13.413028721671322,7.140954425512597,4.46874195200439,1,1,Low,35.59114663162144
5.151170518229183,5.08468281489484,7.779849715709368,3,1,Medium,36.10075142145316
4.577042628733107,7.730422006190157,2.2047048099936983,4,2,Low,100.0
2.0844327046542253,5.252111962762113,1.6456605842933492,3,1,Medium,60.0
4.278459016863009,2.392694142416523,4.0633223096376785,2,1,Medium,54.68338845181161
12.273110665594809,4.71998605344356,9.265853832183812,1,2,High,0.0
13.948680726781463,2.063790434065907,7.104218150124117,2,1,High,0.0
5.156333427095877,11.783547870568567,4.189236247929187,3,2,Low,64.05381876035406
6.280548833363596,11.657472098197475,5.172721697543105,2,1,Low,49.136391512284476
10.108993134838318,5.95155297472305,0.8421301117709834,5,1,High,29.45503432580841
12.406740926511043,9.28370854339646,9.845758963761131,3,0,High,0.0
8.302620678614979,5.45806098410425,6.66407304694919,2,1,High,20.166531372179158
5.4813597744896105,8.71093157085976,2.854040684634225,1,1,Low,90.0
5.776705771880732,10.05430043045979,5.858083942152444,2,0,Low,35.70958028923778
9.738654050955295,11.467562446922408,1.0948236606899397,1,1,Low,31.30672974522352
0.04505569045990154,6.00212275849672,9.658366688075835,5,1,Medium,6.708166559620821
8.67425072443777,9.832979829560477,1.7478498788336594,2,0,Medium,26.628746377811154
4.976902146179004,4.659284506321188,6.480303180552141,5,1,High,42.59848409723929
11.118762637879179,11.903323037936483,2.454544625389304,3,1,Low,24.406186810604105
1.3018689575238502,2.2576959876435114,7.175613826485358,1,0,High,9.121930867573212
8.234831737277467,8.03528806501121,7.76821367240281,3,1,Medium,44.98477295159862
6.733620458405732,8.59505981651327,6.734197289114326,1,2,Low,81.32901355442837
8.992557362673184,8.880455570741288,6.144994602551925,5,1,High,49.31224017387445
0.9079503227615568,3.2038757878908903,8.924690939520117,4,1,High,10.376545302399414
8.119773023993838,11.385297834731304,0.7862671098975804,2,1,Low,39.40113488003081
7.860784231433332,3.8118327905008282,3.309147657801952,5,1,High,58.45426171099024
7.849241321826393,8.227534032398411,2.48287479630846,1,2,Low,100.0
8.448827332350367,4.226760791230849,9.880139620654216,1,1,High,3.355165234977079
9.470551121169072,5.072164170212709,3.893897796668735,1,0,High,18.177755410810967
11.269845995530776,7.464585417281244,7.326126992403987,1,1,Medium,32.02013506032619
3.777490081795001,6.171934185645765,6.847251638810046,2,2,Low,50.76374180594977
11.550691742520868,3.602256009765063,2.1208123747737773,3,0,High,12.246541287395658
6.975579551688351,3.709364024208483,2.3899768021155134,4,2,High,70.0
1.0788159078806363,6.181447881627997,2.812845635530341,2,2,Low,50.0
0.8197130094157088,9.572829782755008,4.111272782593792,1,0,Low,24.443636087031038
4.679336461744851,10.979646468477885,2.343250656505268,2,2,Low,70.0
10.988557679560547,2.8412766225938286,0.19651482746847804,5,1,High,25.057211602197267
9.90753308637282,5.93103907559401,8.793930568071955,1,2,High,11.492681727776116
11.04060950541369,3.002455637228766,9.65609831380884,4,1,High,0.0
7.241766790182531,2.165924806325979,3.4157038703156797,1,1,Medium,57.9214806484216
6.162785971376868,8.617186826439566,3.3850687942547286,4,1,Low,88.07465602872635
2.0643353738879755,8.024494419665878,0.07091812774370987,4,2,Low,100.0
4.594698550530362,3.630191138148862,6.8025068833037405,3,0,High,30.987465583481296
6.0762711264342535,4.338128330930641,8.254398957486288,3,1,Medium,33.72800521256856
1.2404060155146412,2.2370775364451836,1.4660830036000316,2,0,High,30.0
3.088567337956958,10.349472056944037,1.5966634936715074,2,1,Low,60.0
8.375154116892343,11.746905960485515,7.900832499714378,4,1,High,13.620066916966394
10.299283599348659,3.3545953679469083,6.162907483541447,1,1,High,12.689044585549475
13.976865159501294,4.314752137652981,0.4486055762771701,5,1,High,10.11567420249353
13.063586638809808,10.68409523946934,6.225469904622817,5,0,High,0.0
8.995912793492682,11.264637979561849,3.0891772284376606,1,0,Medium,24.574549890348294
5.897472746117008,6.196273828068104,3.6872515547084594,1,0,Low,46.563742226457705
8.906483105915258,2.5062247226907415,7.697314182968801,3,1,High,11.9810135555797
10.999122653123248,2.393918336928194,8.109351926726106,5,2,High,9.457627100753232
1.6567066729274225,7.739498660690105,4.003566268398306,4,0,Medium,54.98216865800846
5.738668455748035,5.9289510889317905,9.471529360063547,2,2,Medium,37.64235319968226
11.757231998898641,2.286524275776545,4.0646271795207225,3,2,High,25.890704107903183
5.373661327062616,7.832523923125567,7.718360352301099,5,1,Medium,66.4081982384945
8.006211797180612,2.1130253658902247,4.838772645642591,1,1,High,30.775077785883987
8.228771052070774,9.873719581492729,8.97532326522084,5,2,High,18.979528413541924
2.5826675438709508,5.064328227033716,9.077612436501786,4,0,High,19.611937817491068
5.071296183132038,2.402580030092321,0.8741680787108386,3,1,Medium,60.0
4.68315804238705,7.883522209831533,9.364933313102258,1,1,Low,58.175333434488714
0.3667539194489071,5.976844144330547,8.255348415204157,4,1,High,13.723257923979215
0.3386846944789734,11.738004133571495,7.913107143126669,2,2,Low,25.434464284366655
11.643758611460829,7.441986625037022,2.0091133968552244,3,0,Medium,41.78120694269586
3.8229913396193735,4.752391810370083,8.05119208754665,4,1,High,34.74403956226675
7.253102727343416,9.094388646339748,8.501327346850369,4,1,Medium,32.49336326574816
4.182158030242823,4.714920025427113,2.8915033445415093,1,1,Medium,60.0
13.169509431614767,11.04243291407565,9.522600783623238,2,1,Medium,0.0
3.6301546241208325,5.747219705073764,0.4986014639916425,4,1,High,60.0
6.015195378345091,7.498685627762052,1.4990925324713966,3,2,Low,100.0
12.218223506784426,2.5057310382422884,5.3758113805151435,4,1,High,7.029825563502152
11.78706993508532,6.261212379522307,5.757924711223097,5,2,Medium,17.275026768457913
2.605419849847882,10.32363539660995,6.4515008330090335,3,1,Low,42.74249583495483
11.237006337139945,10.05648805363342,0.16969129315466458,3,0,Medium,13.814968314300273
6.414616414330498,4.243185588535263,9.603667746221303,4,0,High,16.981661268893482
6.761564209194973,4.260790710105627,0.4458809273414399,1,0,High,50.0
1.868719613823213,10.173053122132368,1.4306195272340239,3,1,Low,40.0
1.1284211925997452,11.303984201693256,0.1401451752605698,5,1,Low,40.0
10.191150297632714,2.9536092127300355,5.668584332940947,1,2,High,25.701326847131696
6.950456132974196,6.500586394262252,9.322668839209722,1,2,Low,38.386655803951385
6.115909836612514,5.374542789642289,6.659471660804642,1,0,High,31.702641695976794
10.213115201133554,10.706884554574394,8.226574684804273,3,1,Medium,2.8015505703108623
10.717180585875536,2.8352491468001877,0.13281203458580082,1,1,High,26.414097070622322
2.22471434737095,4.111259425580374,5.4201529847972605,4,1,High,47.899235076013696
8.543152092686977,9.524683375864944,4.595629775055219,1,0,Medium,19.306090661289016
1.8949571518875974,2.512938489812156,4.9896794422079305,5,0,High,20.05160278896035
10.51925120440664,6.925353807142892,0.7221318533518795,2,2,Low,37.4037439779668
9.197372187739953,6.4210703467972,6.844353610693075,5,2,High,24.79137100783486
13.392604695168412,5.344011789887487,5.032204148586344,3,0,High,0.0
0.9654122289898965,5.945723153189238,7.65148849861264,1,1,Medium,16.7425575069368
0.7987660961175604,7.29940586930233,4.852906340617153,1,1,Low,60.735468296914235
3.9506190457048023,3.6136735838838314,1.4938163622643208,4,2,High,70.0
